"individual","year","sex","age","population","subspecies","v7","v8","v9","v10","v11","v12","v13","v14","v15","v16","v17","v18","v19","v20","v21","v22","v23","v24","v25","v26","v27","v28","v29","v30","v31","v32","v33","v34","v35","v36","v37","v38","v39","v40","v41","v42","v43","v44","v45","v46","v47","v48","v49","v50","v51","v52","v53","v54","v55","v56","v57","v58","v59","v60","v61","v62","v63","v64","v65","v66","v67","v68","v69","v70","v71","v72","v73","v74","v75","v76","v77","v78","v79","v80","v81","v82","v83","v84","v85","v86","v87","v88","v89","v90","v91","v93","v94","v95","v96","v97","v99","v100","v101","v102","v103","v104","v105","v106","v107","v108","v109","v110","v111","v112","v113","v114","v115","v116","v117","v118","v119","v120","v121","v122","v123","v124","v126","v127","v128","v129","v130","v131","v132","v133","v135","v136","v137","v138","v139","v140","v141","v142","v143","v144","v146","v147","v148","v149","v150","v151","v152","v153","v154","v155","v156","v157","v158","v159","v160","v161","v162","v164","grey_score_avg"
"Dalton",2000,"M",4,"NIRC","verus",1,1,1,1,1,1,1,1,2,1,3,3,3,1,5,4,2,3,2,3,6,1,3,2,4,2,2,2,2,2,4,3,4,2,2,1,2,4,2,2,3,2,2,1,2,3,4,3,2,2,1,2,3,5,4,3,3,3,4,1,2,2,2,2,1,3,2,2,2,3,2,2,3,2,2,2,2,2,2,1,2,4,2,2,1,1,2,1,3,3,1,3,2,2,3,3,2,2,3,2,2,4,2,2,5,3,1,3,2,2,1,5,2,3,2,3,2,3,3,1,1,2,5,2,4,3,2,1,4,3,3,1,2,2,4,2,2,5,4,3,3,2,2,2,3,3,4,1,3,2,2,1,2.39473684210526
"Fannie",2000,"F",8,"NIRC","verus",1,1,2,1,1,2,2,1,1,3,2,5,4,3,4,5,3,3,2,2,6,4,3,2,5,2,3,2,3,3,3,3,5,3,4,4,2,2,3,3,3,2,3,2,2,2,3,4,3,4,2,3,2,5,3,2,5,5,1,3,2,2,2,4,2,4,2,4,3,2,2,2,4,2,2,3,2,3,3,1,4,4,4,2,2,3,4,4,3,4,2,2,2,3,5,4,2,2,4,2,2,4,3,4,1,3,2,2,3,2,4,4,2,4,2,4,3,3,2,4,2,1,5,1,3,4,2,4,4,2,2,2,2,2,4,2,1,4,4,2,2,1,2,2,1,3,5,1,2,2,1,2,2.76315789473684
"Hugo",2000,"M",7,"NIRC","verus",1,1,2,1,1,1,2,1,3,1,2,4,4,1,3,4,2,2,1,2,6,3,3,2,4,3,4,2,1,3,3,2,5,3,2,3,2,6,3,3,3,2,3,2,2,2,3,4,3,3,2,3,3,5,2,2,5,4,2,3,2,2,2,2,2,4,2,3,3,2,2,2,4,2,2,2,3,2,3,1,3,5,2,3,2,3,2,3,5,4,2,2,1,3,4,4,2,2,3,2,3,4,4,3,3,3,2,2,3,2,2,4,2,5,2,4,3,2,3,2,2,3,3,2,1,5,2,1,4,2,2,3,2,2,1,2,1,3,2,2,4,2,3,2,2,3,3,1,4,3,2,3,2.625
"Shelby",2000,"F",4,"NIRC","verus",1,1,1,1,1,1,1,1,2,3,3,3,3,2,3,3,1,3,3,2,6,1,2,2,3,1,2,2,2,4,3,2,4,2,1,3,1,2,2,3,2,1,2,1,2,2,2,1,2,3,1,2,1,3,2,1,4,2,2,2,1,1,1,1,1,2,2,2,2,2,1,3,2,2,2,2,1,2,2,3,1,3,2,2,1,1,1,3,3,3,2,1,6,2,4,2,1,1,4,3,2,2,3,1,3,1,1,1,1,1,3,3,1,3,2,3,3,2,3,3,1,1,5,1,1,4,2,2,4,2,1,1,1,1,3,1,3,5,3,1,3,1,1,1,1,2,2,1,2,1,1,1,2.02631578947368
"Kent",2000,"M",5,"NIRC","verus",2,1,2,2,1,2,2,2,5,2,3,4,1,4,4,4,2,3,5,2,6,3,3,3,5,2,3,2,3,4,3,2,4,3,1,4,1,3,3,1,3,2,3,2,2,2,2,4,3,2,2,5,2,5,2,2,4,2,2,5,1,2,2,3,2,3,2,2,2,2,2,3,4,2,3,2,2,3,2,3,3,4,2,2,1,3,4,3,5,3,2,2,5,3,3,2,1,3,3,2,1,4,3,2,3,3,3,2,2,3,2,4,3,3,2,4,4,2,2,3,2,2,4,3,5,3,3,3,3,2,2,4,2,2,3,2,3,5,3,1,2,2,1,2,2,2,3,3,2,1,1,1,2.66447368421053
"Miff",2000,"F",7,"NIRC","verus",3,2,3,2,2,4,3,3,1,3,3,5,3,3,4,2,4,5,4,3,6,6,4,2,5,3,3,2,3,3,3,3,3,3,1,4,2,3,4,3,3,3,3,3,3,2,4,4,3,3,3,3,4,4,3,2,5,3,3,3,1,2,3,4,3,3,3,4,4,2,2,2,5,2,4,2,2,4,3,4,2,4,3,4,2,4,5,4,3,4,2,2,4,3,3,5,3,2,2,3,3,3,3,6,5,4,3,3,3,3,3,4,4,4,2,2,3,3,3,4,2,5,4,2,3,4,2,3,4,3,3,5,2,3,4,3,2,4,4,2,2,2,1,1,1,1,3,2,2,1,1,3,3.07236842105263
"Poncho",2000,"M",4,"NIRC","verus",1,1,1,1,1,1,2,1,2,4,3,4,2,1,4,2,2,4,4,2,6,3,3,3,4,3,3,2,2,2,3,2,4,2,2,2,1,2,4,3,2,2,2,2,2,2,4,3,3,2,1,2,2,4,2,2,4,4,2,3,1,3,2,4,1,4,2,3,4,2,2,2,5,2,2,2,2,2,2,4,2,3,3,2,1,2,2,3,2,4,2,2,4,2,3,4,2,3,4,2,2,4,2,3,3,3,2,2,3,2,3,4,1,2,2,2,3,2,2,2,1,3,5,2,2,5,2,1,4,2,2,4,2,2,4,2,2,5,1,2,2,2,1,1,1,1,3,2,2,2,1,1,2.45394736842105
"Hillary",2000,"F",9,"NIRC","verus",2,1,3,1,1,1,2,2,1,1,5,5,1,4,4,4,1,4,2,3,6,3,3,2,5,3,4,2,1,3,3,1,5,2,4,4,2,1,4,2,3,2,3,1,2,1,4,3,2,3,2,2,2,5,2,1,5,4,2,2,1,2,2,2,2,3,2,3,4,3,2,3,5,2,3,2,2,2,2,4,2,4,3,3,1,3,2,3,2,4,1,3,3,3,4,5,4,2,4,1,2,2,3,4,3,2,2,2,4,2,6,3,1,4,3,1,3,3,3,3,1,1,4,2,1,5,2,1,3,2,2,4,2,2,2,1,1,4,4,4,3,2,3,2,1,2,2,1,3,2,1,3,2.60526315789474
"Emmett",2000,"M",4,"NIRC","verus",1,1,1,1,1,1,2,1,3,1,3,5,2,2,4,5,2,4,2,2,6,2,2,2,4,3,2,2,3,3,3,1,5,3,2,4,2,1,4,1,2,2,3,1,2,3,4,3,2,2,2,2,2,3,2,2,4,4,2,3,2,3,2,2,2,2,2,3,3,2,2,3,3,2,3,4,2,3,2,5,3,4,3,4,1,2,4,3,5,4,2,3,3,3,3,5,2,2,3,2,2,3,3,3,2,3,1,2,3,3,4,1,1,3,2,2,3,4,2,3,1,2,5,2,2,5,2,1,4,2,3,4,1,2,4,1,3,5,2,4,1,1,1,1,1,1,2,2,1,1,1,2,2.51315789473684
"Abe",2000,"M",7,"NIRC","verus",2,1,1,1,2,2,1,1,4,3,3,3,1,1,2,4,2,4,2,2,6,2,2,2,4,2,3,1,3,1,2,1,3,2,2,2,2,2,4,1,2,2,2,3,2,2,4,3,2,3,1,2,2,4,2,2,4,3,2,2,2,2,2,3,1,3,2,2,2,2,2,2,3,2,2,2,2,2,2,3,2,4,2,2,1,2,3,4,2,4,2,2,2,2,2,4,2,2,4,2,2,2,3,4,4,2,2,2,2,2,3,3,2,4,2,4,3,4,3,2,1,1,5,2,3,3,1,3,4,2,2,4,2,2,2,2,1,5,2,2,3,2,2,2,3,3,5,1,2,2,2,2,2.39473684210526
"Moe",2000,"M",7,"NIRC","verus",3,2,3,1,2,2,2,2,3,2,3,5,3,2,2,3,2,5,2,2,3,2,3,3,3,3,2,4,3,1,4,1,5,3,3,4,2,3,3,2,2,2,2,4,2,3,3,4,2,3,1,2,2,3,2,3,5,3,2,2,3,2,2,2,2,3,2,3,3,2,2,3,4,2,2,2,2,3,3,1,3,5,2,3,2,2,2,4,2,5,2,4,3,2,3,4,1,2,3,3,3,3,3,3,1,1,2,2,3,2,1,2,1,4,3,5,3,3,3,3,1,3,3,2,2,5,2,3,4,3,1,3,2,2,1,1,2,4,2,2,4,3,3,3,3,4,6,3,3,4,4,2,2.67105263157895
"Jaybird",2000,"M",5,"NIRC","verus",1,1,1,1,1,1,2,1,2,2,3,2,2,1,2,1,1,6,2,2,3,2,3,3,4,3,3,1,1,2,3,2,5,2,2,3,2,1,2,1,2,2,2,2,2,3,2,4,1,2,1,1,2,4,2,1,4,2,2,3,2,2,2,1,2,2,2,2,4,2,2,2,3,2,3,2,2,2,2,2,3,4,2,2,1,1,1,3,1,4,1,4,4,2,3,4,2,2,4,2,2,3,3,3,3,2,2,1,2,1,5,2,1,3,2,5,3,3,3,2,1,3,4,2,2,4,1,1,3,2,1,1,2,2,2,2,6,4,1,2,5,3,2,3,3,3,6,2,2,2,1,2,2.30921052631579
"Dapples",2000,"M",8,"NIRC","verus",2,1,1,1,1,2,2,1,5,2,3,2,2,2,2,2,2,4,3,2,3,2,3,3,4,2,3,3,2,3,3,4,4,3,2,4,2,3,2,1,2,2,2,1,2,2,3,3,1,2,2,2,2,3,2,4,5,4,2,4,1,2,3,2,2,3,2,2,3,2,2,2,3,2,2,2,2,2,3,2,2,3,2,2,1,1,3,3,1,4,1,2,3,3,3,4,1,2,5,2,2,2,3,3,3,2,2,1,3,2,2,1,1,3,3,5,3,4,2,4,1,3,5,2,1,5,3,1,3,2,1,4,2,2,2,1,6,5,3,2,4,2,2,3,3,3,5,2,2,3,1,2,2.48026315789474
"JohnnysMom",2001,"F",41,"NIRC","verus",1,2,2,1,1,1,3,1,3,1,3,2,2,1,1,1,2,1,1,2,6,1,1,2,4,1,1,2,1,1,2,3,4,2,2,1,2,1,4,1,2,2,2,1,1,1,1,3,1,1,1,2,2,4,2,1,4,1,2,1,2,2,2,2,2,3,2,2,2,1,1,3,3,2,3,2,2,2,2,1,3,4,1,2,2,1,1,1,5,3,1,3,1,1,3,2,2,2,1,2,2,3,2,3,1,2,1,2,2,1,6,2,1,4,2,3,1,2,2,1,2,1,1,2,3,2,1,1,2,2,2,1,2,2,1,1,1,1,4,3,3,3,2,3,2,1,5,2,2,2,3,4,1.98026315789474
"Mabel",2001,"F",1,"NIRC","verus",1,1,1,1,1,1,2,1,6,1,3,4,3,2,4,5,3,3,1,2,6,2,3,2,4,3,2,3,1,2,4,3,5,3,2,4,1,1,2,3,3,2,3,1,2,1,4,4,2,2,2,3,2,4,2,2,5,2,3,2,2,2,2,3,2,2,2,3,2,2,2,3,5,2,4,2,2,3,2,4,3,4,2,2,2,2,2,3,1,4,1,2,3,3,5,3,2,2,4,2,2,4,3,3,3,3,2,2,4,2,3,4,1,4,2,5,3,4,3,2,2,1,4,2,4,5,1,1,4,2,2,4,2,2,1,1,3,5,1,2,1,1,1,2,2,2,2,1,2,2,2,1,2.51973684210526
"Shaq",2001,"M",5,"NIRC","verus",3,1,2,1,1,2,2,1,1,1,3,3,2,1,2,3,2,3,2,2,6,2,2,2,4,2,2,2,2,3,2,2,3,2,2,4,1,2,3,1,2,2,2,2,2,2,2,4,3,3,1,2,1,5,2,2,3,3,2,4,1,3,1,2,2,2,2,2,2,2,2,3,3,2,2,2,2,2,2,4,2,3,2,2,1,2,2,3,4,2,2,2,4,3,2,4,2,2,3,1,2,3,2,2,3,2,2,2,2,3,4,3,2,6,2,3,3,2,2,3,2,2,4,2,1,3,2,2,3,2,2,4,2,2,2,2,3,4,1,3,3,2,2,2,1,3,2,2,3,2,2,2,2.32894736842105
"Twirp",2001,"M",1,"NIRC","verus",1,1,1,1,1,1,1,1,1,2,3,5,2,1,4,2,2,5,2,3,6,2,3,3,4,3,2,2,2,2,4,2,5,3,2,2,1,1,2,3,2,2,3,2,2,2,3,3,2,2,3,1,1,4,1,2,4,2,1,2,2,2,2,2,2,2,2,3,2,2,2,2,3,2,3,3,2,2,3,4,2,3,2,3,1,2,1,2,1,2,1,3,3,3,4,4,1,3,4,2,3,3,4,3,3,4,1,2,4,2,2,3,1,5,2,5,3,1,3,3,1,1,4,2,3,3,1,1,3,3,2,2,2,1,1,2,4,3,2,2,3,3,3,3,5,3,6,3,3,3,2,2,2.44078947368421
"Hayden",2001,"M",7,"NIRC","verus",3,1,2,1,1,2,2,1,5,3,3,3,1,2,4,5,2,5,3,3,6,4,3,2,5,3,2,1,2,4,2,1,4,2,3,2,1,3,4,4,2,2,2,1,2,2,1,4,1,3,2,2,2,5,2,2,5,1,2,3,2,2,2,2,1,4,2,3,2,2,2,3,4,2,2,2,2,3,2,5,2,3,3,3,1,2,1,3,3,3,2,3,2,3,4,3,2,2,4,2,2,2,3,4,2,3,3,2,3,3,4,3,1,6,2,6,3,4,3,1,2,5,3,2,2,5,2,2,4,2,2,4,2,1,2,3,2,4,3,2,4,2,2,2,4,3,6,1,2,2,2,2,2.64473684210526
"LittleJoe",2001,"M",6,"NIRC","verus",1,1,1,1,1,1,2,2,4,2,3,2,1,2,2,2,2,4,2,2,3,2,3,2,4,3,2,1,2,2,2,1,3,2,2,2,2,2,2,1,2,2,2,2,2,2,3,1,1,2,1,1,2,3,2,2,4,3,2,2,3,2,1,2,2,1,2,2,2,2,2,3,3,2,2,2,2,2,2,3,3,4,2,2,1,2,1,1,3,3,1,3,2,2,4,3,2,2,2,2,2,2,2,2,1,3,2,1,2,2,2,3,1,3,2,4,2,1,3,2,1,3,3,2,1,2,3,1,2,2,1,2,2,2,1,2,2,3,1,2,2,2,2,2,2,2,5,2,2,2,2,3,2.08552631578947
"Rachel",2001,"F",6,"NIRC","verus",1,1,1,1,1,2,2,1,3,3,3,4,3,3,2,3,2,5,3,2,3,1,3,2,4,2,3,1,2,4,3,1,5,3,2,4,2,2,3,1,3,2,2,3,2,2,3,4,2,4,1,3,2,5,2,2,5,3,2,3,2,2,1,2,1,1,3,3,2,2,2,2,4,2,2,3,2,2,3,5,2,5,2,3,1,1,2,3,3,2,2,2,2,2,4,3,2,1,4,3,2,3,3,2,3,2,2,2,2,3,3,3,2,3,2,5,3,3,3,2,3,2,4,2,4,2,2,3,4,2,2,4,1,2,4,2,3,5,4,2,1,3,3,2,2,2,6,1,2,2,2,2,2.53289473684211
"Cash",2005,"M",12,"NGOGO","schweinfurthii",2,1,2,3,5,3,1,2,3,3,3,2,2,3,3,5,1,3,3,2,6,2,2,4,2,3,3,1,2,3,2,1,3,3,2,4,2,4,3,3,2,1,2,3,2,3,3,3,2,4,3,3,3,2,3,1,2,4,2,3,1,2,2,3,2,4,2,2,4,2,2,2,3,2,1,3,3,3,3,4,1,1,3,2,1,2,2,3,2,1,3,2,3,2,1,4,2,2,6,3,2,4,3,3,3,2,3,2,2,2,4,5,2,2,3,4,2,3,1,2,2,3,4,1,3,3,3,2,4,2,4,3,1,1,6,2,1,3,4,4,2,1,2,6,2,2,3,6,3,2,1,1,2.59868421052632
"Corea",2005,"F",21,"NGOGO","schweinfurthii",4,3,4,4,4,5,2,3,4,4,3,2,4,1,5,5,2,4,3,3,6,4,3,3,5,4,4,3,3,2,4,2,5,5,3,4,4,5,4,4,4,3,3,3,4,4,4,4,4,3,5,4,5,5,5,4,4,5,4,4,3,4,4,4,5,5,3,4,4,3,2,4,5,4,3,4,4,5,4,4,3,5,5,4,2,3,3,4,2,4,3,4,4,4,4,5,2,3,3,4,4,5,5,4,3,4,5,4,3,4,3,4,5,4,4,6,3,4,3,3,4,3,5,3,3,5,4,3,5,4,4,4,3,3,4,3,3,4,1,4,1,5,3,4,4,3,5,3,5,3,2,2,3.73684210526316
"Brownface",2005,"M",39,"NGOGO","schweinfurthii",2,2,2,2,2,4,1,1,3,4,2,3,2,1,2,2,2,2,3,2,6,3,2,3,1,1,1,1,2,3,1,3,2,2,1,1,1,3,2,2,2,1,2,2,2,2,3,2,2,3,2,2,3,6,3,6,1,2,1,1,2,1,2,3,2,2,1,2,2,2,1,2,2,2,1,2,1,2,3,3,1,3,3,2,1,2,1,1,3,1,3,2,3,3,1,2,3,2,3,3,3,3,1,2,2,3,1,2,2,3,2,2,2,2,2,1,2,2,1,2,2,2,3,2,3,2,2,1,2,1,2,2,2,2,2,1,1,2,4,3,3,1,2,2,2,2,2,1,2,2,1,3,2.09210526315789
"Berg",2005,"M",27,"NGOGO","schweinfurthii",5,3,5,5,4,4,2,4,2,4,4,1,2,2,1,2,2,1,4,4,6,3,4,1,3,1,3,2,2,3,1,4,4,3,3,1,2,1,4,3,3,4,2,4,4,2,4,4,4,3,2,2,2,4,4,1,3,2,3,2,2,2,3,4,4,1,2,3,3,4,2,3,2,4,3,2,4,3,4,2,4,2,1,5,1,4,2,4,4,4,3,4,4,3,2,2,3,4,2,3,3,4,2,4,1,2,4,3,3,3,3,4,2,4,4,3,2,2,3,4,3,4,1,4,4,1,1,3,1,3,2,2,3,2,1,4,3,1,3,3,1,1,1,2,1,1,2,2,1,1,1,4,2.75657894736842
"Dexter",2005,"M",20,"NGOGO","schweinfurthii",2,2,4,3,3,4,2,3,4,2,4,2,4,2,5,3,1,2,4,3,6,2,3,2,4,2,3,2,2,3,3,3,4,2,4,2,2,4,4,3,2,2,2,4,1,3,4,3,3,2,3,3,3,5,3,2,4,3,3,2,3,2,1,3,3,5,2,3,3,2,2,4,4,2,1,2,2,3,3,4,2,3,3,3,1,3,1,4,4,2,3,2,3,2,3,3,2,2,4,2,2,4,3,3,2,3,2,2,2,2,3,4,2,3,3,3,2,2,2,2,2,3,4,3,5,2,2,2,3,2,2,2,2,2,3,3,2,3,2,2,3,4,4,2,3,2,5,2,3,2,3,2,2.75657894736842
"Dizzy",2005,"M",28,"NGOGO","schweinfurthii",4,3,3,3,1,1,1,3,2,1,1,1,2,1,1,2,1,1,3,2,6,2,2,1,2,1,1,1,2,1,1,2,2,1,1,1,1,1,3,2,3,3,2,1,1,1,2,1,1,1,1,2,2,3,1,2,2,1,2,1,1,1,1,1,3,2,2,1,2,1,1,2,1,1,1,1,1,1,2,3,1,2,1,1,1,1,1,1,5,1,1,2,2,1,1,2,1,1,1,3,1,2,1,2,1,1,2,1,1,3,2,3,1,2,1,4,1,3,1,3,2,3,1,1,1,1,1,1,1,1,1,1,1,1,1,1,1,1,1,3,4,2,2,3,3,2,5,3,3,2,2,4,1.70394736842105
"Hare",2005,"M",36,"NGOGO","schweinfurthii",3,2,3,2,1,2,2,2,5,6,3,2,1,1,1,2,2,1,1,2,6,3,2,3,3,2,2,2,1,1,2,2,3,3,2,1,2,1,3,1,2,2,2,1,2,1,6,4,2,2,2,2,2,4,2,2,5,2,2,2,3,2,2,2,3,3,2,2,3,2,2,3,3,2,3,2,2,3,2,2,3,3,1,2,2,2,3,3,5,3,2,3,1,3,3,3,2,2,2,2,1,4,3,3,1,3,4,2,2,3,2,3,2,4,2,3,1,3,3,2,2,1,1,2,2,3,1,1,1,2,2,1,2,2,1,2,1,1,1,1,1,1,1,5,1,1,3,1,3,2,1,4,2.24342105263158
"Herbie",2005,"M",11,"NGOGO","schweinfurthii",3,1,1,1,1,3,1,2,3,3,3,2,2,1,1,2,1,1,1,2,6,1,2,1,2,2,1,2,1,1,2,1,2,2,1,2,1,1,2,3,2,2,2,2,1,2,2,2,2,1,1,2,1,3,2,1,3,2,2,2,2,2,1,1,1,1,1,1,2,1,2,1,2,2,1,2,2,1,2,2,2,2,1,2,1,2,1,2,3,4,1,2,3,1,2,2,2,2,6,2,2,2,2,2,1,2,2,2,2,1,2,2,1,2,2,2,1,1,2,2,1,1,2,1,4,3,1,1,2,1,1,1,2,2,3,1,1,1,5,1,1,2,1,1,1,1,2,1,1,2,1,4,1.76973684210526
"Bartoll",2005,"F",22,"NGOGO","schweinfurthii",4,2,3,2,3,3,2,4,4,4,3,2,2,4,2,2,2,3,4,2,6,3,2,3,4,1,3,2,3,4,3,1,4,3,2,2,2,3,5,3,4,3,2,4,4,4,4,3,2,3,4,5,3,4,2,3,4,5,2,2,1,4,2,4,4,3,3,2,2,4,1,3,3,3,3,3,4,4,4,5,3,2,4,3,3,3,2,3,2,2,3,2,4,4,3,2,2,2,2,4,3,2,4,4,1,3,4,2,2,4,3,4,3,3,3,4,1,2,4,2,3,3,2,2,2,2,2,2,2,2,3,4,2,2,2,2,1,1,1,2,2,4,1,4,4,1,7,3,4,3,4,4,2.90131578947368
"Garbo",2005,"F",49,"NGOGO","schweinfurthii",3,3,4,3,2,3,3,3,6,1,3,3,1,1,1,2,1,3,2,2,6,2,2,1,3,1,2,1,1,2,2,2,2,1,2,1,2,2,1,2,2,1,2,2,1,2,1,2,1,3,1,1,2,2,1,2,3,1,2,1,2,1,1,1,3,2,1,2,3,1,2,2,2,2,1,2,1,2,2,3,2,1,1,2,1,2,1,2,3,3,1,2,3,1,2,3,1,1,1,1,2,1,2,2,1,1,1,1,2,2,1,2,2,2,2,5,1,3,2,1,1,1,1,1,5,3,1,1,1,1,1,1,1,2,2,1,6,1,1,4,3,2,2,2,3,2,2,4,2,2,2,4,1.92763157894737
"Miles",2005,"M",24,"NGOGO","schweinfurthii",4,3,4,2,1,3,2,2,2,1,3,3,1,1,2,2,1,4,1,2,2,2,3,1,3,2,1,1,1,1,1,1,4,1,2,2,2,1,5,6,2,2,2,1,2,2,2,3,1,2,1,1,2,3,2,1,4,3,1,2,6,2,2,1,2,3,2,2,2,1,2,2,2,2,1,4,2,1,2,2,2,3,1,2,1,2,1,2,1,3,2,2,2,2,3,3,1,1,1,4,2,2,2,3,1,1,1,1,2,2,5,1,1,2,2,1,1,2,2,3,1,1,1,1,4,3,1,1,2,2,2,1,1,1,2,1,2,1,1,2,4,4,2,4,3,3,6,3,2,3,3,4,2.07894736842105
"Monk",2005,"M",33,"NGOGO","schweinfurthii",3,3,3,3,2,3,1,3,1,1,3,4,1,2,2,2,1,5,1,3,1,2,3,2,2,2,1,1,1,1,1,1,2,1,2,2,1,1,4,1,3,1,1,1,2,2,1,4,1,4,1,1,3,2,4,1,3,2,1,2,1,2,2,1,2,1,2,2,2,1,2,2,3,2,2,1,2,2,2,5,2,2,1,1,1,1,1,2,2,3,1,1,2,2,2,3,1,2,2,2,2,1,2,3,1,1,1,1,1,2,2,2,1,3,2,2,1,3,3,2,2,2,1,1,2,2,1,1,1,1,1,3,1,1,1,1,1,1,1,2,1,1,1,1,2,1,3,3,1,2,1,4,1.81578947368421
"Ornette",2005,"M",28,"NGOGO","schweinfurthii",1,1,1,1,1,2,1,1,2,1,3,2,1,2,2,2,1,4,1,2,1,2,2,1,2,2,1,1,1,1,2,1,2,1,1,2,2,1,2,1,2,1,2,2,2,1,1,2,1,2,1,1,1,6,3,1,3,1,1,1,1,2,1,1,1,1,2,2,2,1,2,2,2,1,1,1,1,1,2,2,2,2,1,1,1,1,1,2,1,2,1,2,2,2,3,3,1,2,2,2,1,2,2,2,1,1,1,1,1,1,1,1,1,3,2,1,1,1,2,1,1,1,1,1,1,5,1,1,2,1,1,1,1,2,1,1,6,1,1,2,2,2,1,1,4,1,5,2,1,1,1,4,1.59868421052632
"Mweya",2005,"M",43,"NGOGO","schweinfurthii",5,3,4,2,2,4,3,3,4,3,3,4,1,1,2,3,2,4,1,3,3,5,4,2,3,3,4,1,3,3,2,1,5,2,3,2,2,2,5,1,3,2,2,2,2,3,1,4,3,3,1,3,4,2,3,2,5,3,2,3,6,2,2,3,4,3,3,2,3,2,2,2,4,2,2,2,2,4,4,2,3,3,2,3,1,3,3,4,2,3,2,3,4,3,3,4,2,2,2,3,6,2,3,3,3,3,2,2,2,3,3,1,2,4,2,5,2,2,3,3,2,3,3,2,3,4,2,2,3,2,2,3,2,2,4,2,6,2,4,4,1,1,1,1,1,1,2,1,1,1,1,3,2.66447368421053
"Parker",2005,"M",37,"NGOGO","schweinfurthii",4,5,5,3,3,4,5,4,1,3,3,3,3,3,2,3,2,5,3,5,5,4,3,6,5,4,5,1,3,4,4,1,4,1,4,2,4,4,5,2,5,4,3,4,4,4,1,3,3,3,4,5,5,3,5,3,4,4,3,3,6,4,3,4,5,4,4,4,2,3,5,2,4,3,3,3,4,4,4,5,3,5,2,5,2,5,4,5,3,4,4,5,5,3,5,4,2,4,3,4,4,3,4,4,2,3,4,4,4,4,1,4,3,4,4,4,2,4,5,3,2,3,3,2,2,5,3,3,5,4,3,5,3,4,4,3,3,3,4,4,4,3,2,2,2,2,5,2,2,2,1,4,3.51973684210526
"Rollins",2005,"M",19,"NGOGO","schweinfurthii",1,2,2,1,2,2,2,2,2,2,3,4,1,6,2,2,2,4,2,2,1,2,3,6,4,2,2,1,2,2,2,1,3,2,2,2,1,2,1,1,2,2,2,1,1,2,1,2,2,2,1,1,2,4,2,2,3,1,1,2,2,2,1,1,2,1,2,3,3,2,2,2,2,1,1,2,1,2,2,4,1,3,1,3,1,2,1,1,1,3,2,2,5,2,2,3,1,1,2,2,2,1,2,2,1,1,2,1,2,2,3,1,1,3,1,3,1,2,2,2,2,2,3,1,4,1,2,2,2,1,1,4,1,1,1,1,1,2,2,4,2,2,2,2,2,1,5,3,2,2,1,4,1.98684210526316
"Porkpie",2005,"M",11,"NGOGO","schweinfurthii",1,1,3,2,1,2,1,1,4,1,3,4,2,2,2,2,1,5,2,2,2,2,3,2,4,2,3,2,2,1,3,1,3,2,2,3,2,3,3,1,3,2,2,2,2,2,1,2,1,3,1,3,3,4,4,2,3,1,3,1,2,3,2,2,2,3,2,2,3,2,2,2,3,2,1,2,3,2,1,4,2,3,1,2,1,1,1,3,2,2,2,3,3,2,2,3,2,2,3,3,2,2,2,3,3,1,2,1,2,2,5,2,2,3,3,4,3,2,2,2,2,1,3,1,4,3,2,2,4,2,2,2,2,1,2,1,1,4,2,2,4,3,3,3,3,4,6,2,2,4,3,2,2.30921052631579
"Dahlia",2006,"F",13,"NGOGO","schweinfurthii",3,1,3,2,3,4,2,3,2,4,3,3,3,2,2,3,3,4,4,4,6,4,3,3,4,3,4,4,4,3,3,4,3,3,3,2,2,4,5,3,5,4,4,4,4,4,4,4,4,3,5,3,3,4,5,2,4,5,4,2,2,4,2,4,5,3,4,4,3,4,4,2,4,3,4,4,4,4,4,5,3,4,5,4,2,4,3,4,2,3,3,3,3,4,5,4,3,3,2,4,4,3,4,5,1,3,4,3,3,3,3,4,4,2,4,4,2,3,3,4,4,4,3,3,4,5,2,3,4,4,4,5,3,3,3,1,3,2,4,4,3,5,5,5,5,5,7,3,5,5,5,4,3.53289473684211
"Rahsaan",2006,"M",19,"NGOGO","schweinfurthii",4,1,5,2,3,2,3,3,3,3,3,4,5,2,2,2,2,5,3,5,5,5,4,3,5,4,5,3,5,5,4,1,3,2,4,3,4,5,5,1,4,5,4,5,4,3,3,4,2,5,5,5,4,4,2,3,5,2,5,2,2,4,3,4,4,4,4,4,3,3,4,3,3,2,3,4,4,5,2,5,1,4,3,2,3,5,3,4,5,4,5,3,5,4,5,3,3,4,2,4,4,3,5,4,3,2,5,4,3,4,4,4,4,3,5,4,2,3,5,4,2,4,4,3,3,3,4,3,4,4,4,5,2,4,4,2,3,4,3,3,1,1,1,1,1,1,2,3,1,2,1,4,3.40789473684211
"Fannie",2007,"F",15,"NIRC","verus",1,1,2,1,1,3,3,3,2,1,3,3,1,2,1,2,2,5,1,2,5,4,3,3,3,3,4,1,2,3,3,1,5,3,2,4,2,1,4,1,3,2,2,3,2,3,2,3,2,4,1,3,2,4,2,2,5,1,1,2,3,3,2,1,2,1,2,3,2,2,2,4,2,2,1,2,2,3,4,4,3,4,2,2,2,2,3,4,1,4,2,3,4,2,3,3,2,2,5,2,4,2,4,4,3,2,2,2,2,3,4,2,1,4,2,4,3,2,3,1,1,1,3,2,3,3,2,1,3,2,1,2,2,2,3,3,2,3,3,3,2,2,1,2,2,2,5,1,2,2,1,2,2.44078947368421
"Dolphy",2008,"M",41,"NGOGO","schweinfurthii",4,5,5,4,4,4,3,4,2,6,3,2,4,1,6,2,2,1,4,2,6,4,2,2,4,4,3,2,3,4,2,2,3,4,5,3,2,5,5,4,4,2,3,5,4,4,3,3,4,3,4,4,3,4,4,5,3,4,4,3,2,3,3,4,3,4,3,3,2,4,1,2,3,3,3,3,4,4,4,5,3,5,5,4,2,4,2,4,3,2,3,3,4,4,3,3,3,4,2,3,4,3,2,4,3,5,4,3,3,3,2,4,3,3,4,3,1,3,4,4,1,5,2,2,4,4,1,3,4,3,3,3,4,2,5,2,1,1,5,3,2,1,1,2,2,2,3,3,3,2,2,4,3.21710526315789
"Django",2008,"M",11,"NGOGO","schweinfurthii",2,1,2,2,1,2,1,2,5,1,3,4,2,3,3,2,2,3,2,2,6,3,3,2,4,2,2,3,1,3,3,2,5,3,3,2,1,2,4,3,3,2,3,2,2,2,2,4,2,5,2,3,2,5,2,4,4,4,3,2,2,2,2,2,1,3,2,1,2,2,2,2,5,2,2,2,2,2,2,4,3,4,2,2,2,2,2,3,5,3,2,4,2,1,4,4,2,2,4,3,2,3,3,3,3,3,2,2,3,4,4,1,2,4,3,3,3,2,2,2,2,1,5,2,1,4,1,1,4,2,3,3,2,3,3,1,1,5,2,2,3,4,2,3,4,2,7,4,4,3,3,1,2.64473684210526
"Hutcherson",2008,"M",14,"NGOGO","schweinfurthii",1,1,2,1,1,2,1,1,2,1,3,3,1,1,1,2,1,1,1,2,6,1,1,1,2,1,1,1,1,1,1,1,2,1,1,2,1,1,1,2,2,1,2,1,1,1,6,1,1,1,1,1,1,4,1,2,1,1,1,1,1,1,1,1,1,1,1,1,2,1,1,1,2,2,1,1,1,1,1,2,2,2,1,1,1,1,1,1,5,3,3,1,3,1,1,2,1,1,2,1,1,1,6,1,1,1,1,1,1,1,3,2,1,3,1,2,1,2,1,1,1,1,2,1,5,1,1,1,1,1,1,1,1,1,2,2,1,1,2,2,3,2,2,2,2,2,2,1,2,2,2,4,1.53947368421053
"Bacall",2008,"F",16,"NGOGO","schweinfurthii",5,4,5,5,5,5,5,5,4,5,1,5,5,4,4,5,5,5,5,5,6,5,5,4,5,5,5,3,4,5,5,4,4,5,5,4,4,5,4,5,5,5,5,5,5,5,4,5,5,5,5,5,5,5,5,5,4,5,5,4,1,2,4,4,5,5,4,5,4,5,5,2,5,5,5,5,5,5,5,5,5,5,5,4,3,5,5,5,1,5,5,5,5,5,5,5,4,5,5,5,5,5,5,5,3,5,5,5,5,5,3,5,5,5,5,5,5,3,5,5,5,5,5,5,3,5,4,5,4,5,4,5,5,5,1,5,4,2,5,3,4,2,2,3,2,3,2,2,3,2,2,4,4.40131578947368
"Aretha",2008,"F",33,"NGOGO","schweinfurthii",1,2,3,2,2,3,3,3,3,3,2,3,3,3,2,2,3,4,4,4,6,4,2,3,2,3,3,3,3,2,4,4,4,2,3,1,3,3,4,3,2,2,3,3,4,2,2,4,3,2,4,4,4,4,4,2,5,4,4,3,2,2,2,3,5,2,3,4,2,3,2,3,4,4,3,3,4,5,3,4,4,4,4,3,3,2,1,4,1,4,3,3,4,3,2,3,3,3,3,4,4,4,4,4,1,1,2,3,3,3,2,3,2,4,4,4,1,3,4,3,3,4,1,3,5,2,2,3,2,3,3,4,2,3,3,4,3,1,2,1,2,1,2,2,1,2,3,1,2,2,2,4,2.91447368421053
"Scarlett",2008,"F",4,"NGOGO","schweinfurthii",1,1,1,1,1,1,1,1,2,5,5,4,1,2,3,3,1,1,1,1,6,1,1,1,3,1,1,1,2,4,1,1,2,1,1,2,1,1,1,2,1,1,2,1,1,2,1,1,1,2,1,1,1,3,1,1,1,1,1,1,2,1,1,1,2,1,1,1,1,1,1,1,1,1,1,1,1,1,1,1,1,1,1,1,1,1,1,1,1,1,2,1,1,2,1,1,1,1,3,1,1,1,1,1,1,1,1,1,1,1,2,4,1,1,1,4,3,3,1,2,1,1,3,1,4,2,1,1,3,1,1,2,1,1,1,1,1,3,1,3,2,2,2,2,2,2,2,1,3,2,2,2,1.51973684210526
"Jolie",2008,"F",23,"NGOGO","schweinfurthii",3,4,5,4,4,5,4,4,2,3,3,4,2,3,3,2,2,3,4,4,6,4,2,1,3,2,4,4,2,5,4,1,4,4,4,3,3,4,4,3,4,3,4,3,3,3,4,4,4,4,4,5,3,3,3,2,2,3,3,2,1,3,1,3,5,2,4,4,2,3,4,2,3,3,1,4,5,4,4,5,4,2,3,4,3,2,4,5,3,4,3,3,3,4,3,3,3,4,3,3,4,4,3,4,2,3,4,3,2,3,3,4,2,3,4,4,3,2,4,4,3,4,3,3,2,4,4,3,2,4,4,2,3,3,2,3,3,2,2,2,2,2,1,1,2,1,3,2,1,2,2,4,3.13157894736842
"Leonora",2008,"F",31,"NGOGO","schweinfurthii",4,3,3,3,3,3,1,3,4,3,3,3,1,6,2,2,1,1,2,3,6,2,3,2,3,1,1,3,2,3,2,1,2,2,3,2,2,3,2,2,3,2,3,3,1,2,1,2,2,3,2,1,2,4,4,1,2,2,3,2,2,1,1,2,3,1,3,2,2,1,2,1,2,1,1,1,4,2,2,3,1,2,2,2,2,1,2,4,1,1,3,2,2,2,4,2,1,2,1,2,1,2,2,3,1,1,3,2,1,2,3,4,2,2,2,2,2,2,2,2,2,3,2,3,4,1,1,2,2,1,3,1,1,3,1,1,1,1,1,4,3,3,2,4,3,4,6,2,3,5,2,4,2.25
"Williams",2008,"M",1,"NGOGO","schweinfurthii",1,1,1,1,1,1,1,1,1,1,3,3,2,2,2,1,1,4,2,1,6,1,1,2,2,2,1,1,1,1,1,1,4,1,1,2,1,1,1,1,1,1,1,1,1,6,1,1,1,1,1,1,1,5,1,1,1,1,1,1,2,1,1,1,1,1,1,1,1,1,1,1,2,1,1,1,1,1,1,2,1,2,3,1,1,1,1,1,1,1,1,1,1,1,2,2,1,1,4,1,1,1,1,1,2,1,1,1,1,1,4,2,1,1,1,1,3,1,1,2,1,3,5,1,4,3,1,1,4,1,1,1,1,1,2,1,1,5,4,3,4,2,1,2,2,3,2,2,3,2,3,1,1.59210526315789
"Jackson",2008,"M",17,"NGOGO","schweinfurthii",5,5,5,4,5,4,5,5,2,2,3,4,2,3,2,2,1,4,4,4,3,4,4,2,3,3,3,1,3,4,2,2,3,2,3,3,2,2,4,2,4,2,2,4,3,2,2,4,3,5,2,3,5,3,3,2,3,4,2,3,3,3,3,2,4,4,3,3,4,4,3,2,2,3,3,3,3,4,4,5,2,3,3,2,2,4,3,4,2,4,3,3,1,3,4,2,2,4,2,3,3,2,4,3,2,3,3,3,2,3,4,3,3,2,4,4,2,1,4,3,3,1,2,3,1,4,2,2,2,3,3,2,2,3,2,4,2,2,3,3,4,4,3,4,4,4,7,4,5,5,4,3,3.06578947368421
"Mingus",2008,"M",36,"NGOGO","schweinfurthii",4,2,2,2,2,4,3,3,1,2,3,2,2,3,2,5,2,5,2,5,5,4,4,1,5,4,2,1,2,4,3,4,5,3,4,1,2,3,5,2,4,2,2,1,3,4,5,3,3,3,3,3,3,4,4,2,5,1,2,2,6,2,5,3,4,2,4,4,4,3,2,4,3,3,3,2,3,3,4,4,3,4,3,4,3,4,3,4,1,4,3,3,3,3,4,5,2,3,2,4,3,3,4,5,1,4,4,3,3,3,4,4,3,4,2,4,2,4,3,4,2,3,2,2,2,4,2,2,4,3,3,4,1,4,4,3,2,2,1,3,1,1,1,1,1,1,2,1,1,1,1,4,2.94736842105263
"Lofty",2008,"M",35,"NGOGO","schweinfurthii",5,5,5,4,4,5,5,5,4,4,3,2,4,3,2,2,3,5,3,5,4,4,5,3,5,4,4,3,3,4,3,3,5,3,5,2,3,3,5,5,4,3,3,5,3,4,4,3,3,4,5,4,5,4,5,2,4,2,4,4,2,5,2,4,5,4,4,4,2,5,5,3,4,3,3,4,4,5,5,5,4,5,4,5,3,5,4,4,4,4,3,5,4,3,5,5,3,4,3,5,4,4,5,5,1,4,4,3,2,4,4,4,4,5,4,5,3,3,4,5,4,4,2,3,2,4,1,4,2,3,4,3,3,4,4,4,3,2,2,4,2,2,1,3,2,3,6,2,1,3,1,4,3.67105263157895
"Morton",2008,"M",24,"NGOGO","schweinfurthii",4,2,2,3,2,2,3,3,5,1,3,1,2,2,2,2,1,5,2,4,2,3,2,1,2,1,1,1,3,2,1,2,3,2,1,2,2,2,5,3,2,2,2,4,2,2,2,2,3,3,4,2,4,3,4,1,3,4,3,3,1,1,2,3,4,1,3,2,2,2,1,2,2,2,2,1,2,4,3,3,1,2,2,2,2,2,3,3,3,2,2,2,3,2,2,3,2,2,2,4,2,2,2,4,1,3,1,2,2,4,5,3,2,2,3,2,2,2,2,4,3,3,1,1,2,3,1,3,1,2,3,2,2,2,2,2,1,2,1,3,4,2,2,2,2,2,5,3,3,2,2,4,2.36184210526316
"Pincer",2008,"M",37,"NGOGO","schweinfurthii",2,3,4,3,3,3,3,3,5,2,3,4,2,1,2,4,2,5,3,3,4,2,2,2,4,3,3,1,2,1,3,1,4,3,4,3,2,2,4,1,3,2,2,2,2,3,2,4,2,4,3,2,3,4,5,3,5,1,2,2,2,2,2,2,2,1,3,2,3,3,2,3,3,2,3,2,3,3,2,5,3,4,3,3,3,3,1,3,1,3,2,3,4,2,3,4,2,3,2,3,4,2,3,3,1,1,3,2,3,3,4,2,1,4,6,5,2,3,3,1,1,1,3,2,3,4,2,2,2,2,2,4,2,2,1,1,2,3,1,4,1,2,2,1,1,1,3,2,1,1,1,4,2.57894736842105
"Wilson",2008,"M",9,"NGOGO","schweinfurthii",1,1,2,1,1,1,2,1,4,2,3,6,1,1,2,2,1,2,1,1,1,1,2,2,2,1,1,1,1,1,2,1,2,1,1,1,1,1,1,1,1,2,2,1,2,2,1,1,1,1,1,1,1,2,1,1,2,1,1,1,1,2,1,1,1,1,1,2,2,1,1,2,2,1,1,1,1,2,2,1,2,3,1,1,1,1,1,1,1,2,1,2,1,2,2,2,1,1,1,2,1,1,2,2,1,1,1,1,1,1,2,1,1,2,1,3,1,1,2,2,1,1,1,1,3,1,1,1,1,1,1,1,1,2,2,1,2,1,1,1,4,2,2,2,3,3,5,2,2,3,2,3,1.50657894736842
"Kidman",2009,"F",32,"NGOGO","schweinfurthii",3,2,3,3,2,1,2,3,2,1,1,2,2,1,5,1,1,2,2,2,6,2,2,1,4,2,2,1,1,1,2,1,3,2,2,3,2,1,2,1,2,1,2,1,2,2,1,3,1,2,1,2,2,4,2,2,3,2,1,1,2,3,2,2,2,2,2,1,2,2,2,1,2,2,1,2,2,2,2,1,2,2,2,3,1,2,1,2,4,2,1,2,2,2,1,2,1,1,2,2,2,2,2,2,2,1,2,2,2,1,1,2,2,2,2,3,1,2,2,1,1,2,2,1,1,1,1,1,2,1,2,1,2,2,2,1,1,1,2,1,4,1,2,2,2,2,2,6,2,2,2,4,1.89473684210526
"Bartok",2009,"M",36,"NGOGO","schweinfurthii",3,3,4,4,4,4,3,4,4,4,3,2,3,3,3,4,2,4,3,4,6,4,3,6,5,4,5,3,3,4,3,3,5,5,4,2,3,3,4,4,3,2,4,4,3,4,4,4,3,3,4,4,4,1,3,4,4,4,2,2,3,3,4,4,4,5,3,3,3,3,3,4,5,4,2,4,3,4,4,3,2,5,4,4,2,3,3,4,2,3,4,3,4,3,4,4,3,3,4,4,3,3,4,4,3,4,4,3,4,3,4,4,4,5,6,3,3,2,3,4,3,4,4,2,4,3,3,2,4,4,3,4,4,4,3,3,2,2,3,3,3,2,4,5,3,2,6,6,5,4,2,5,3.52631578947368
"Gus",2009,"M",2,"NGOGO","schweinfurthii",1,1,1,1,1,1,1,1,1,3,2,4,2,1,3,2,1,3,2,1,6,1,1,2,1,1,1,1,1,1,1,3,2,1,1,2,1,2,1,1,1,1,1,1,1,1,2,2,2,1,1,1,1,1,1,1,1,1,1,1,1,1,1,1,1,1,1,1,1,1,1,1,1,1,1,1,1,1,1,1,1,1,1,1,1,1,1,1,4,1,2,1,1,1,1,1,1,1,5,1,1,1,1,1,2,1,1,1,1,1,4,3,1,1,1,1,3,2,1,2,1,1,4,1,5,3,2,1,4,1,1,1,1,1,5,1,1,5,2,2,4,2,2,2,2,1,3,2,2,1,1,1,1.51973684210526
"Garrison",2009,"M",32,"NGOGO","schweinfurthii",1,2,4,4,2,2,2,4,5,3,4,3,3,2,5,2,2,2,4,3,6,3,3,3,4,2,4,4,2,4,3,2,4,4,4,3,3,4,4,4,2,2,3,4,2,3,3,3,4,2,2,2,3,5,3,4,5,5,2,3,4,3,2,3,3,5,3,4,4,3,2,4,3,3,4,3,3,3,4,4,3,4,4,3,2,3,3,4,5,3,4,3,4,3,4,4,2,3,3,2,3,4,3,4,3,4,3,3,4,3,2,4,3,4,3,3,2,2,3,3,2,4,3,2,4,4,2,3,2,2,2,2,3,3,5,2,1,3,2,2,4,3,2,2,2,2,3,2,2,2,2,3,3.08552631578947
"Garrett",2009,"M",20,"NGOGO","schweinfurthii",2,1,3,1,2,1,1,2,2,4,3,3,2,1,4,2,1,2,3,2,6,3,2,2,2,3,4,1,2,2,2,2,3,2,3,2,1,3,2,3,3,1,2,3,2,2,4,2,2,4,4,2,2,4,2,2,2,2,2,2,1,1,2,2,2,3,1,2,2,2,1,1,1,2,2,2,1,2,3,4,1,2,4,2,1,1,1,2,5,1,3,2,2,2,2,2,1,1,2,2,2,3,2,2,3,2,3,1,2,3,3,3,1,2,2,2,2,2,2,3,2,2,2,1,3,2,2,3,2,1,2,1,2,1,3,1,1,2,2,3,5,4,3,3,3,3,3,3,3,2,3,3,2.22368421052632
"Evans",2009,"M",13,"NGOGO","schweinfurthii",1,1,2,1,1,1,1,1,3,4,3,4,3,2,4,3,2,3,3,2,6,2,2,2,1,2,2,2,1,2,1,2,3,2,2,3,2,4,2,2,3,2,2,3,2,2,4,1,2,3,1,3,2,3,3,3,2,4,3,2,2,2,3,2,2,2,2,2,2,2,1,2,3,2,2,2,2,2,2,2,2,2,4,2,2,2,2,2,4,1,2,2,2,2,3,2,2,2,3,2,2,2,2,2,3,4,2,2,2,2,4,2,2,3,2,4,3,2,3,4,1,2,4,2,4,4,2,2,3,2,2,2,3,1,1,1,1,4,3,2,4,3,1,2,2,1,6,2,2,1,2,2,2.31578947368421
"Hicks",2009,"M",12,"NGOGO","schweinfurthii",3,1,4,2,2,3,2,1,2,4,2,3,3,4,4,2,2,3,2,2,6,3,3,2,4,2,3,1,1,2,4,2,4,2,2,3,2,3,5,4,2,3,3,4,6,2,4,3,2,4,5,5,4,4,3,2,4,4,3,2,2,2,1,4,5,3,2,2,2,2,2,2,3,2,2,3,4,4,3,5,3,3,2,3,3,4,2,3,3,4,2,2,3,4,3,2,1,2,3,5,4,4,5,4,3,2,2,2,2,4,3,3,3,3,3,3,3,3,2,4,4,3,4,3,5,4,2,3,4,2,2,4,2,2,4,2,1,4,1,2,4,3,2,2,2,2,3,2,2,2,2,2,2.88157894736842
"Hawkins",2009,"M",14,"NGOGO","schweinfurthii",4,2,4,3,3,4,1,4,3,4,3,3,4,3,1,2,2,2,3,4,6,3,4,2,3,2,4,2,2,4,3,3,2,4,4,2,2,3,5,3,4,4,2,4,4,3,4,4,3,4,5,4,3,3,4,2,3,4,5,2,1,3,2,2,3,5,3,4,2,3,1,2,2,3,3,2,4,3,4,4,2,4,3,4,3,4,4,3,2,4,2,2,2,4,5,3,3,3,2,3,3,2,4,2,3,4,4,3,1,4,3,4,4,3,4,2,2,2,6,4,2,4,3,2,4,3,3,3,3,3,2,2,2,3,1,2,2,2,2,3,4,2,2,3,2,3,3,4,3,2,2,4,3.02631578947368
"Amelia",2009,"F",15,"NGOGO","schweinfurthii",1,1,2,2,1,2,1,1,2,1,3,1,2,1,1,2,1,1,2,2,6,2,2,1,2,1,1,2,1,1,2,2,2,2,1,2,1,2,2,2,1,1,2,1,1,2,2,1,1,3,1,1,1,4,1,2,3,1,1,1,1,5,1,1,1,2,1,2,2,1,1,1,2,1,1,1,1,1,1,2,1,3,1,2,1,1,1,2,5,2,3,1,1,1,1,2,1,1,2,2,1,1,1,1,1,1,1,1,1,1,2,3,1,1,1,2,1,3,2,1,1,1,1,1,5,1,1,1,1,1,1,1,1,1,1,1,1,1,1,2,3,5,1,3,2,3,7,4,2,2,4,4,1.66447368421053
"Bessie",2009,"F",46,"NGOGO","schweinfurthii",5,5,5,5,5,5,5,5,3,5,3,1,4,2,2,4,5,4,5,5,6,4,5,3,4,4,5,5,4,5,4,2,3,5,5,2,4,5,5,4,5,5,5,5,5,5,5,4,4,5,5,4,5,4,5,3,4,5,5,3,3,4,4,4,5,5,5,5,5,5,5,4,3,4,5,5,5,5,5,5,5,5,5,5,3,5,5,5,2,5,5,5,4,5,5,3,4,5,4,5,5,3,5,5,1,5,5,4,4,4,3,4,5,5,5,5,2,3,5,4,5,5,2,4,2,4,4,4,3,4,5,4,5,5,4,4,4,1,2,3,1,1,1,1,1,1,3,2,3,2,2,4,4.05921052631579
"Callas",2009,"F",24,"NGOGO","schweinfurthii",4,4,4,4,3,2,4,4,5,2,3,2,1,3,2,2,1,2,2,4,6,2,2,2,2,2,1,1,2,1,2,3,3,2,3,2,1,2,2,1,4,2,2,1,3,1,1,3,1,1,3,2,2,3,4,2,3,3,2,1,1,2,1,2,2,1,2,2,2,2,2,2,3,2,2,2,3,2,2,3,1,3,1,3,1,2,3,2,2,2,2,2,2,3,2,2,1,2,2,3,3,1,2,2,1,1,2,2,1,2,4,2,2,2,2,2,2,3,3,4,2,3,1,1,3,2,1,3,2,2,2,2,1,1,3,1,1,1,1,1,2,1,1,2,1,1,2,1,2,2,1,4,2.11842105263158
"Cecelia",2009,"F",33,"NGOGO","schweinfurthii",5,5,5,4,5,5,4,4,1,4,3,4,2,2,3,2,3,4,3,4,6,5,3,2,4,2,3,4,3,3,4,3,3,4,2,2,3,4,5,3,4,4,4,4,4,2,4,4,4,3,4,3,4,4,4,2,3,4,4,2,1,4,3,3,4,4,3,4,4,4,4,2,3,3,4,3,4,4,4,5,4,3,4,3,2,4,4,4,4,4,4,5,4,4,2,4,2,4,2,4,4,4,3,4,4,3,4,4,3,3,4,4,3,3,4,3,2,3,3,5,3,3,3,3,4,5,3,3,3,3,4,3,2,4,3,3,2,2,3,2,3,4,2,2,3,2,5,2,4,3,3,4,3.42105263157895
"Carson",2009,"F",15,"NGOGO","schweinfurthii",4,4,4,3,4,4,1,3,3,1,3,3,2,1,2,2,2,2,4,3,6,3,2,1,2,1,1,1,2,4,2,1,2,2,1,2,2,2,2,3,2,1,2,4,4,2,2,2,1,4,2,2,2,2,2,2,2,1,2,1,1,2,1,2,2,1,2,2,4,2,2,1,2,2,1,3,4,4,2,2,1,2,2,1,1,2,1,3,3,3,2,1,2,2,1,2,1,1,2,2,1,2,1,2,1,1,2,1,2,2,2,4,2,2,1,1,2,3,2,3,2,4,2,2,2,2,1,1,2,1,2,2,1,1,3,2,1,1,3,5,4,1,2,2,2,2,2,2,3,2,2,4,2.11184210526316
"Julianne",2009,"F",31,"NGOGO","schweinfurthii",2,2,2,2,2,2,2,2,4,3,3,1,1,2,2,2,1,4,1,2,6,2,2,1,3,2,1,1,1,5,2,2,3,2,2,1,2,1,2,2,2,1,2,2,1,1,2,2,2,2,1,2,2,4,2,1,3,2,2,2,2,2,1,1,2,1,2,2,2,1,2,3,3,2,1,2,2,1,3,3,2,2,1,2,1,2,1,2,1,2,2,2,3,2,4,2,1,2,2,2,2,1,2,2,1,1,2,1,2,2,3,3,2,2,2,6,2,1,3,1,1,1,2,3,5,2,1,1,2,2,2,2,1,2,2,1,1,1,1,1,4,4,2,4,3,2,5,3,2,3,3,4,2.05921052631579
"Ellen",2009,"F",3,"NGOGO","schweinfurthii",1,1,1,1,1,1,1,1,6,2,3,4,2,1,3,2,1,3,1,1,6,1,1,2,2,1,1,1,1,4,1,2,2,1,1,2,1,1,1,3,1,1,1,1,1,1,2,1,1,1,2,1,1,3,1,1,1,1,1,1,1,1,1,1,1,1,1,1,1,1,1,1,1,1,1,1,1,1,1,1,1,1,1,1,1,1,1,1,1,1,1,1,1,2,3,3,1,1,4,1,1,1,1,1,2,1,1,1,1,1,2,3,1,1,1,1,3,1,2,1,1,1,5,1,3,3,1,1,4,3,1,2,1,1,1,1,1,5,1,2,3,4,1,5,4,2,5,2,4,4,4,1,1.63815789473684
"Ingrid",2009,"F",18,"NGOGO","schweinfurthii",4,2,2,3,3,3,2,3,3,2,3,3,3,1,2,4,1,4,3,4,6,4,3,3,4,2,3,1,3,2,2,1,3,3,3,3,2,4,4,3,2,2,3,2,2,4,4,3,4,3,4,4,3,3,4,2,2,3,4,2,2,2,3,2,3,3,3,3,2,2,3,3,4,3,2,2,4,3,3,3,4,2,4,3,2,2,3,4,3,3,3,2,3,2,4,4,3,3,3,3,3,2,4,4,2,1,4,2,2,3,3,3,2,3,3,3,3,2,4,3,3,4,3,2,2,3,2,2,4,3,4,2,2,3,4,2,2,4,4,3,4,2,2,3,3,3,3,3,3,3,2,3,2.875
"Taylor",2009,"F",18,"NGOGO","schweinfurthii",1,1,1,1,2,2,1,1,1,3,3,3,1,1,2,2,1,3,3,1,6,2,2,1,2,1,1,1,2,2,1,1,2,1,2,2,1,1,2,3,1,1,1,1,1,1,1,3,1,3,3,1,1,3,1,1,1,1,1,1,2,1,1,2,1,2,2,2,2,1,1,1,1,1,1,2,1,2,1,4,1,1,1,1,1,1,1,3,3,2,2,1,2,2,2,2,1,1,3,1,1,3,1,4,3,2,2,1,1,1,3,2,2,2,1,5,3,2,2,1,2,3,2,2,3,4,1,2,3,1,2,2,1,2,3,1,1,3,1,2,4,2,2,2,2,3,3,2,3,2,2,2,1.79605263157895
"Marlene",2009,"F",59,"NGOGO","schweinfurthii",3,3,3,3,2,4,3,4,2,6,3,3,2,3,2,2,1,4,4,3,6,3,2,3,2,2,2,1,2,1,1,1,2,6,2,2,2,2,4,3,3,1,1,2,2,2,1,3,1,2,3,2,3,2,1,2,2,2,2,1,2,1,1,3,4,6,3,2,2,2,2,1,2,1,2,2,1,3,2,3,1,1,3,2,2,1,2,3,2,2,4,1,2,3,3,2,1,2,2,2,2,3,4,2,1,2,2,2,1,3,2,3,3,2,3,1,2,2,2,3,1,3,1,3,4,1,2,3,2,1,1,3,1,1,2,1,2,1,1,1,2,2,1,2,2,2,5,3,2,2,2,4,2.25
"MaRainey",2009,"F",60,"NGOGO","schweinfurthii",4,4,4,3,3,4,5,4,3,6,3,3,1,1,2,3,2,5,2,4,6,4,3,2,4,2,3,1,2,3,2,1,5,1,3,2,2,2,4,3,3,2,2,2,2,3,4,2,2,4,3,3,3,3,2,2,4,3,2,2,2,2,2,3,3,1,2,2,3,2,2,2,3,2,2,2,2,2,3,5,3,3,2,3,1,2,3,4,1,3,4,2,3,2,4,4,2,2,6,2,3,2,3,3,2,2,2,2,3,3,3,3,1,4,3,2,2,2,3,2,2,6,1,2,1,3,1,1,2,2,2,3,2,3,1,3,1,3,1,4,3,1,1,1,2,2,3,4,1,2,2,3,2.60526315789474
"Bosko",2009,"M",6,"NGOGO","schweinfurthii",1,1,2,1,1,2,2,1,3,1,3,3,2,1,2,3,1,3,2,2,2,2,2,2,2,2,2,1,3,2,2,2,4,2,2,4,2,2,2,1,2,2,2,3,2,2,2,4,2,3,4,2,2,4,2,2,3,2,1,2,2,2,2,2,3,3,2,2,2,2,2,2,3,2,2,2,2,3,2,4,2,4,2,2,1,2,2,3,1,2,2,3,2,2,1,3,2,2,4,3,2,2,4,3,3,2,2,2,2,3,2,2,1,3,2,4,3,1,3,2,1,3,4,2,3,6,1,2,4,1,2,2,3,2,3,2,1,4,2,4,1,1,1,1,1,1,2,3,1,1,2,2,2.21052631578947
"Bronte",2009,"F",7,"NGOGO","schweinfurthii",1,1,1,1,1,2,1,1,5,2,3,4,2,2,2,2,1,3,2,2,2,1,3,2,2,1,2,1,2,1,1,1,3,2,1,3,1,2,2,2,2,2,2,3,1,2,2,3,1,3,3,1,2,4,2,1,3,2,1,1,2,1,2,2,3,2,2,2,2,1,1,2,3,1,2,2,1,3,3,4,1,3,1,1,1,1,1,2,2,2,2,2,2,2,2,3,1,2,3,2,2,2,4,2,2,1,2,1,2,2,2,2,1,2,2,1,3,3,2,3,1,2,3,2,2,3,1,1,4,1,2,2,1,2,3,1,1,2,2,2,5,2,2,2,2,2,3,2,4,2,2,3,1.98684210526316
"Abrams",2009,"M",10,"NGOGO","schweinfurthii",1,1,1,1,1,1,1,1,1,1,3,4,1,1,2,1,1,2,1,2,1,1,1,1,2,1,1,1,1,1,1,1,2,1,2,3,1,1,2,1,1,1,2,2,1,1,1,2,1,2,1,1,1,3,1,1,2,1,1,1,2,2,1,1,1,1,2,2,2,1,1,2,2,2,1,2,1,1,2,1,1,2,1,2,1,2,1,1,1,2,1,1,1,2,1,3,1,1,2,1,3,1,2,3,1,1,1,1,1,1,3,2,1,1,2,2,3,1,2,2,1,2,2,2,2,3,1,1,4,1,1,2,1,1,1,1,2,2,1,4,3,2,1,2,2,2,2,1,2,2,1,2,1.51315789473684
"Mitchell",2009,"M",10,"NGOGO","schweinfurthii",1,1,2,1,1,2,1,1,3,3,3,3,2,2,2,1,1,4,4,3,3,2,2,2,1,4,3,1,2,3,1,2,1,1,3,3,1,1,3,1,1,1,1,4,2,1,4,2,1,4,1,3,4,2,3,1,1,4,1,3,1,2,2,2,4,6,2,3,2,4,3,3,2,3,3,1,1,3,2,4,1,1,2,1,1,1,2,3,4,2,3,1,3,3,3,3,2,1,3,3,1,2,3,2,2,3,4,2,1,3,1,3,2,2,2,1,3,2,3,2,2,4,4,1,3,5,2,2,3,1,1,3,2,2,5,1,1,4,1,2,1,2,2,2,2,2,2,3,2,2,2,1,2.21710526315789
"YoYo",2009,"M",3,"NGOGO","schweinfurthii",1,1,1,1,1,1,1,1,5,4,3,1,3,1,2,1,1,3,2,1,1,2,1,2,2,2,1,1,1,1,1,1,4,1,1,3,1,1,2,1,1,1,1,1,1,1,2,1,1,1,1,1,1,4,1,1,1,2,1,2,2,1,1,1,1,3,1,1,2,1,2,1,2,1,1,1,1,1,1,1,1,2,1,1,1,1,1,1,2,2,1,1,1,2,2,2,1,1,3,1,2,2,2,1,2,1,1,1,1,1,3,1,1,1,1,1,3,2,1,1,1,1,5,1,4,5,1,1,4,1,1,2,1,1,2,1,1,5,4,4,2,3,1,3,4,4,6,3,3,4,4,1,1.69736842105263
"Jarman",2009,"M",4,"NGOGO","schweinfurthii",1,1,2,1,1,1,1,1,3,1,3,3,1,2,2,1,1,3,1,1,1,1,1,2,1,1,1,1,1,1,1,1,1,1,2,3,1,1,1,1,1,1,1,1,1,1,1,1,2,1,2,1,1,3,1,1,1,1,1,1,1,1,1,1,2,1,1,2,1,1,1,1,1,1,1,1,1,1,1,1,1,1,1,1,1,1,1,1,4,1,1,1,1,2,3,1,1,1,3,2,1,1,1,1,1,2,1,1,1,2,2,1,1,1,1,1,2,1,1,2,1,1,4,1,4,4,1,1,3,1,1,1,1,1,1,1,1,4,3,5,3,2,2,2,4,3,3,1,2,2,2,2,1.46710526315789
"Mulligan",2009,"M",20,"NGOGO","schweinfurthii",5,4,5,3,4,5,4,5,5,4,3,3,2,2,2,2,3,4,3,5,4,4,2,2,4,4,5,1,4,2,2,1,4,3,4,2,2,4,5,3,4,3,2,4,3,3,2,4,3,3,4,4,4,2,4,3,4,4,2,3,2,3,2,3,4,4,4,3,2,3,2,2,3,2,2,3,4,4,3,5,4,5,3,4,3,5,4,4,3,2,4,4,5,3,5,3,2,3,1,4,4,3,4,5,2,3,4,3,3,4,2,3,3,4,4,6,2,3,4,4,2,4,2,2,4,4,2,2,2,2,2,4,2,3,4,3,3,1,1,5,4,2,2,2,2,2,3,2,2,2,2,4,3.18421052631579
"Peterson",2009,"M",14,"NGOGO","schweinfurthii",1,1,3,2,1,1,2,2,1,3,3,4,4,3,2,1,2,5,3,5,3,3,2,3,3,4,3,1,3,3,1,1,3,1,4,2,1,3,4,2,3,3,2,4,2,4,3,3,1,5,4,4,5,2,3,3,3,2,3,3,2,1,1,2,4,2,3,2,2,3,1,2,2,3,2,1,2,4,3,3,2,3,2,2,3,4,2,3,2,3,2,2,4,2,4,3,2,2,2,4,3,2,4,4,1,1,3,1,1,3,3,2,5,3,4,2,3,2,3,4,3,3,4,2,3,3,2,3,3,2,2,4,1,1,4,2,1,3,4,3,3,1,2,2,2,2,2,1,2,2,2,3,2.56578947368421
"Southpaw",2009,"M",16,"NGOGO","schweinfurthii",3,2,4,1,2,1,1,2,2,2,3,2,2,2,2,2,1,4,2,2,1,2,2,2,2,2,3,2,2,1,2,1,3,2,3,2,2,2,2,1,2,2,2,3,1,2,2,2,1,3,1,2,3,2,3,2,3,2,2,2,2,2,1,1,2,2,2,2,2,2,2,2,2,1,1,2,2,2,6,1,2,3,1,2,1,1,1,3,1,2,1,2,3,2,2,3,1,2,1,2,2,2,2,3,3,1,2,2,2,2,2,2,2,3,2,1,2,2,2,1,1,2,2,2,4,2,1,2,2,1,1,3,1,2,3,2,6,2,1,5,1,1,1,1,2,1,2,3,1,2,1,4,1.99342105263158
"Wes",2009,"M",12,"NGOGO","schweinfurthii",1,2,2,2,1,1,2,1,5,1,3,2,1,1,5,2,1,2,1,2,2,1,2,2,3,2,1,1,1,1,3,1,3,2,2,3,2,1,2,1,2,2,2,1,2,3,2,2,1,2,1,1,1,4,1,2,4,1,1,2,1,2,2,1,1,2,1,2,3,2,2,2,2,1,2,1,1,1,2,1,2,3,2,2,1,1,1,2,1,2,2,2,2,2,2,3,1,2,2,2,2,2,2,2,1,1,1,2,2,1,3,2,1,2,2,4,2,1,2,1,2,1,3,1,2,3,1,1,4,2,1,2,3,2,2,1,2,3,1,3,2,1,1,1,1,2,3,3,2,2,1,2,1.82236842105263
"Wayne",2009,"M",13,"NGOGO","schweinfurthii",1,1,2,2,1,1,1,2,1,1,3,3,2,3,2,2,1,2,2,1,3,1,2,2,2,2,2,1,2,1,2,1,3,2,2,2,2,3,2,2,2,2,2,1,2,3,1,2,2,3,2,3,2,3,2,3,3,1,1,3,1,1,1,3,2,1,2,2,2,1,2,1,2,2,2,1,1,1,2,1,2,4,2,1,1,2,1,2,2,2,3,2,3,2,1,3,1,2,1,2,6,2,3,2,1,2,2,1,2,3,4,2,2,2,2,3,1,1,2,2,1,2,1,2,3,2,1,1,1,1,1,4,2,2,4,1,2,1,4,2,2,2,2,2,2,2,3,2,3,2,2,4,1.95394736842105
"Buckner",2009,"M",9,"NGOGO","schweinfurthii",2,1,2,1,1,2,1,1,3,1,3,1,1,1,2,1,1,4,2,2,1,1,2,1,2,1,2,1,2,1,2,1,3,1,1,2,1,1,3,1,1,1,2,4,1,1,1,1,1,1,1,2,1,4,1,1,2,1,1,2,1,1,1,1,1,1,1,2,2,1,1,1,1,1,1,1,1,1,1,1,1,2,1,1,1,1,1,1,1,1,1,2,1,2,1,2,1,1,2,2,1,2,1,2,1,1,1,1,1,2,4,1,1,1,2,1,2,1,2,1,1,1,2,1,3,1,1,1,2,1,1,1,1,1,2,1,6,2,1,2,4,3,4,4,5,4,6,4,4,5,5,3,1.66447368421053
"Leigh",2009,"F",8,"NGOGO","schweinfurthii",1,1,1,1,1,2,2,1,4,2,3,3,2,1,2,2,1,3,2,1,1,1,2,1,1,1,1,2,3,1,1,1,1,2,1,2,1,1,3,1,1,1,2,2,2,2,2,1,1,1,1,1,1,4,1,2,1,2,2,2,1,1,1,1,2,3,2,1,2,1,2,2,1,2,1,1,1,1,2,3,1,2,1,2,1,2,1,3,2,2,2,1,1,2,1,2,2,1,2,2,2,1,2,3,1,1,1,1,1,3,3,2,1,4,2,1,2,1,1,4,1,1,2,1,4,2,1,2,1,1,1,2,1,1,5,1,6,2,2,1,4,3,1,1,4,2,5,1,3,2,1,2,1.73684210526316
"Nelson",2009,"M",2,"NGOGO","schweinfurthii",1,1,1,1,1,1,2,1,1,1,3,1,1,3,2,2,1,1,1,2,1,1,1,2,2,1,1,1,1,1,2,1,2,1,1,3,1,1,1,1,1,1,1,1,1,2,1,1,1,1,1,1,1,3,1,1,2,1,1,2,1,1,1,1,1,1,1,2,2,1,1,1,2,1,1,1,1,1,2,1,1,2,1,2,1,6,1,1,1,2,1,1,1,1,2,2,1,1,3,1,1,2,2,6,2,1,1,1,1,1,1,1,1,3,1,1,3,1,2,1,1,1,4,1,3,1,1,1,3,1,1,1,1,1,2,2,6,3,2,1,4,2,1,1,2,2,5,2,2,2,2,1,1.51973684210526
"Hayden",2010,"M",16,"NIRC","verus",1,1,3,2,1,3,3,3,5,4,3,2,1,1,1,6,2,5,2,2,5,3,3,2,4,4,2,4,2,3,2,3,4,3,3,3,3,3,4,1,3,2,2,4,2,3,3,3,2,4,1,4,3,5,3,3,5,3,3,2,2,3,2,2,3,3,3,2,3,2,2,3,2,2,2,2,2,3,2,4,3,4,2,3,2,2,1,3,1,4,2,3,3,2,2,4,2,2,3,3,3,2,4,4,3,2,3,2,2,2,2,3,2,3,3,5,2,3,3,1,1,4,3,2,2,4,1,1,3,2,1,3,2,2,3,2,2,4,3,2,4,2,2,2,2,2,6,2,2,2,2,2,2.65131578947368
"LittleJoe",2010,"M",16,"NIRC","verus",5,3,4,3,3,4,4,4,4,4,3,3,2,3,1,6,2,5,4,4,5,4,4,4,5,5,2,1,3,3,2,2,5,3,4,2,3,4,4,3,4,2,3,4,3,3,3,4,3,4,5,4,5,4,4,3,4,3,2,3,2,3,2,3,4,2,3,4,4,2,3,3,2,3,2,3,4,5,3,4,3,3,3,3,3,2,1,5,3,5,4,4,4,2,3,3,2,2,4,4,4,3,5,3,5,2,4,4,3,4,3,2,2,4,4,5,3,3,3,2,3,4,3,3,4,4,3,2,2,3,2,4,2,3,5,4,6,2,1,2,4,2,3,2,3,2,5,3,2,2,3,4,3.27631578947368
"Brownface",2011,"M",45,"NGOGO","schweinfurthii",4,3,2,3,2,3,2,3,1,3,3,1,3,1,4,2,2,2,1,3,1,1,1,1,2,2,1,1,1,1,1,1,1,1,1,1,1,1,2,2,3,2,1,1,1,2,2,1,2,1,1,1,1,2,1,1,3,1,1,1,1,1,1,2,1,1,1,2,2,1,1,1,2,1,1,1,1,1,2,2,1,2,1,1,1,1,1,1,1,2,2,1,2,2,1,2,1,1,2,1,1,1,1,2,1,1,4,1,1,2,5,1,1,1,2,1,1,1,2,1,1,2,2,2,2,1,1,2,1,6,2,3,6,2,3,1,6,3,4,3,3,1,1,1,1,2,3,1,2,1,1,3,1.69736842105263
"Dexter",2011,"M",26,"NGOGO","schweinfurthii",2,2,3,2,2,4,2,3,2,3,3,2,2,2,3,2,2,3,1,2,4,2,2,2,3,2,2,1,1,1,2,1,2,2,2,2,2,1,2,2,1,2,2,2,2,2,2,1,2,2,1,1,1,2,2,1,2,1,2,2,2,2,2,1,2,1,1,2,2,2,2,2,2,2,2,1,2,2,2,2,2,2,1,1,2,2,2,3,1,1,1,2,1,2,2,3,2,2,2,1,2,2,2,2,3,2,6,1,1,1,4,2,1,2,1,2,1,1,2,2,2,2,6,2,2,1,2,2,2,6,2,3,6,2,3,2,6,3,5,3,1,1,1,1,1,1,2,1,1,1,1,3,2.01315789473684
"Cash",2011,"M",18,"NGOGO","schweinfurthii",3,4,4,3,3,4,1,4,3,3,3,1,2,1,2,2,1,4,4,3,2,2,2,1,2,1,1,1,2,1,1,1,2,1,1,2,1,3,1,2,2,1,1,1,1,2,1,1,1,3,1,2,1,2,1,2,2,1,2,1,1,1,1,1,3,1,1,2,2,1,1,1,2,1,1,2,2,1,1,1,1,2,2,2,2,1,2,2,1,2,2,1,2,2,4,3,2,2,2,2,2,2,2,2,3,1,1,1,1,2,3,4,2,2,2,2,2,1,1,4,2,2,2,3,2,1,1,1,3,6,2,3,6,2,3,3,6,3,2,2,5,2,2,2,4,2,3,2,2,2,2,3,2.01315789473684
"Berg",2011,"M",33,"NGOGO","schweinfurthii",4,5,5,4,4,4,5,4,6,2,3,3,3,4,4,2,2,4,5,5,6,4,4,2,3,4,4,4,3,2,4,4,3,2,4,4,3,3,4,3,4,4,2,4,4,3,3,3,4,4,3,5,4,2,3,1,2,4,3,4,2,4,2,2,4,3,2,4,5,4,2,3,2,3,2,2,4,3,4,1,4,2,3,3,3,5,4,4,2,2,4,5,4,3,5,4,3,4,2,4,3,3,3,3,4,2,6,2,2,4,2,2,3,4,4,1,4,3,4,1,3,5,3,3,2,2,1,2,6,6,2,5,6,2,3,2,6,3,1,2,4,3,2,3,4,3,6,3,3,4,3,4,3.34868421052632
"Porkpie",2011,"M",17,"NGOGO","schweinfurthii",3,2,5,3,3,2,4,4,4,2,3,2,2,1,4,1,1,3,1,3,2,3,3,2,3,3,2,1,1,1,3,3,3,1,3,3,2,1,2,3,2,2,2,3,2,2,2,2,3,3,1,4,1,2,3,2,2,2,2,2,1,2,2,1,2,2,1,2,3,2,2,2,2,2,1,1,1,2,3,2,3,3,2,1,2,3,2,3,1,2,2,3,3,3,2,3,2,2,2,3,3,2,2,2,4,2,6,1,2,3,2,2,1,3,3,3,2,2,3,2,2,2,1,2,3,4,1,3,2,6,2,3,6,3,3,3,6,3,3,3,4,4,3,4,4,4,7,4,4,5,2,4,2.53289473684211
"Rollins",2011,"M",25,"NGOGO","schweinfurthii",3,2,5,2,3,3,2,3,5,3,3,2,2,1,3,2,2,4,1,3,3,3,2,2,3,3,2,1,2,1,3,1,3,2,2,2,2,1,3,1,2,2,2,2,3,2,1,2,2,2,1,3,1,3,2,2,3,2,2,2,2,2,2,1,3,2,2,2,2,2,2,2,2,2,2,2,2,2,3,2,3,3,2,2,2,2,1,3,2,2,2,2,2,2,2,3,2,2,3,3,3,2,2,4,2,2,2,1,2,2,3,2,1,2,2,1,1,3,3,4,2,3,2,2,3,4,1,2,4,6,2,3,6,2,6,6,6,3,5,2,3,3,2,1,1,2,3,2,2,2,1,4,2.38815789473684
"Dizzy",2011,"M",34,"NGOGO","schweinfurthii",4,4,5,4,4,4,4,4,1,2,3,3,2,6,4,2,2,4,2,5,3,4,4,3,4,4,3,3,2,2,3,2,3,2,4,4,3,3,4,3,4,3,3,4,3,3,2,2,3,4,4,4,3,3,4,3,3,4,3,3,2,3,2,2,3,3,3,4,4,4,2,3,2,3,4,2,4,3,4,2,4,4,3,2,2,3,4,4,2,2,5,4,4,3,4,4,2,3,2,3,4,2,4,4,2,3,6,2,2,3,2,3,3,2,4,2,1,3,4,4,3,4,3,2,4,2,1,2,2,6,2,3,6,3,3,2,6,3,2,4,4,4,3,3,3,3,7,3,4,5,5,4,3.23026315789474
"Miles",2011,"M",30,"NGOGO","schweinfurthii",4,3,5,4,4,4,4,4,2,1,3,2,3,6,4,3,2,5,3,5,4,5,5,4,4,4,4,4,2,2,3,2,4,3,5,3,4,4,5,4,4,3,2,4,4,3,4,4,3,5,4,5,4,4,5,3,4,4,4,3,2,4,2,3,5,3,3,4,5,3,2,3,3,3,3,4,4,5,4,5,3,4,3,4,3,5,4,4,4,2,4,4,5,4,5,5,2,3,3,4,4,3,5,4,5,4,4,3,3,4,3,4,4,4,4,2,2,3,4,3,4,3,2,3,2,1,1,3,4,6,2,3,6,2,3,6,6,3,1,3,2,2,2,2,3,2,5,2,2,2,2,4,3.50657894736842
"Abe",2011,"M",18,"NIRC","verus",3,2,3,2,1,4,3,3,2,4,3,1,5,1,1,3,1,5,2,3,4,1,3,3,5,4,3,1,1,2,3,2,5,3,2,4,2,1,3,1,3,2,2,3,2,3,2,3,1,4,1,1,2,4,3,4,4,1,2,3,1,3,2,3,3,2,3,2,3,2,2,3,3,2,1,1,2,3,3,4,3,4,1,2,2,3,1,3,2,4,2,4,3,3,2,4,1,2,4,3,4,2,3,3,2,3,2,3,2,3,3,1,1,4,3,3,3,4,3,4,1,3,2,3,2,6,2,2,4,2,1,4,1,2,1,1,1,3,2,3,3,2,2,2,3,2,3,2,3,3,2,2,2.54605263157895
"Dalton",2011,"M",15,"NIRC","verus",1,2,1,2,2,2,2,2,4,3,3,4,1,2,1,3,1,4,2,2,4,3,3,1,5,2,2,1,2,3,2,2,4,3,2,3,2,2,4,2,3,2,3,3,2,3,1,3,1,1,2,3,3,3,4,1,3,3,2,4,2,2,2,1,3,4,3,3,2,2,2,3,2,2,2,2,2,3,3,3,4,4,2,2,2,2,3,4,1,4,2,4,3,3,3,3,1,2,3,2,3,3,4,2,2,1,3,2,2,3,1,1,1,3,4,4,2,1,2,4,1,3,4,3,1,5,2,1,2,2,1,2,2,2,1,4,6,3,4,3,3,2,2,4,4,4,3,2,2,5,3,2,2.52631578947368
"Hugo",2011,"M",18,"NIRC","verus",4,3,4,3,4,4,4,4,3,4,3,6,2,1,1,6,2,5,4,3,5,4,3,3,5,4,2,2,2,4,3,2,4,3,4,2,2,4,3,2,4,2,2,3,3,3,3,3,3,4,4,4,4,4,4,2,4,2,2,4,2,3,2,3,3,3,3,4,3,3,3,4,3,2,3,2,3,3,4,5,3,4,3,3,2,3,4,4,2,4,4,4,4,3,4,4,2,2,2,4,4,3,3,3,3,3,2,3,3,4,2,2,3,3,4,4,3,4,6,4,3,4,3,2,3,2,3,1,2,2,3,2,2,4,6,3,2,4,1,2,3,3,2,2,3,2,6,2,2,2,2,3,3.125
"Kent",2011,"M",16,"NIRC","verus",5,4,4,4,3,4,5,4,3,4,3,2,1,3,1,6,1,3,3,3,3,3,4,4,4,4,4,4,3,1,1,2,4,3,3,3,2,4,3,3,4,2,2,4,2,3,2,3,3,3,5,3,4,4,3,2,4,2,2,3,1,3,2,4,3,3,3,2,3,3,3,2,3,3,4,3,3,5,2,5,2,2,3,4,2,2,3,4,4,4,4,4,4,2,4,3,2,3,3,4,3,2,4,3,3,3,4,3,2,4,4,3,2,3,4,4,4,2,2,5,3,4,2,3,4,3,2,3,3,3,2,4,1,3,5,3,6,4,4,2,3,2,1,2,3,2,5,2,2,2,1,2,3.06578947368421
"Miff",2011,"F",18,"NIRC","verus",3,4,3,3,3,4,2,4,3,6,3,2,5,6,4,6,6,6,6,6,6,6,6,5,6,1,1,2,5,6,6,1,6,6,6,5,5,6,6,6,6,6,6,4,6,6,6,6,6,5,6,5,6,6,6,5,6,1,6,6,5,6,5,2,6,2,6,6,6,5,6,5,6,6,6,6,6,6,6,6,6,6,6,6,5,6,6,1,1,6,6,6,6,6,6,6,5,6,6,6,6,3,5,5,6,6,6,1,6,6,5,1,6,6,6,6,1,6,6,6,6,6,3,6,3,6,5,6,6,3,6,3,6,1,3,3,6,3,1,2,3,2,1,2,1,2,3,2,2,2,1,3,4.70394736842105
"Moe",2011,"M",18,"NIRC","verus",3,3,4,4,3,4,3,5,5,6,5,4,5,6,1,6,6,6,6,6,6,6,6,5,6,6,1,2,5,6,6,6,6,6,6,5,5,6,6,6,6,6,6,3,6,6,6,6,6,5,6,5,6,6,6,5,6,3,6,6,5,6,5,3,6,3,6,6,6,5,2,5,6,6,6,6,6,6,6,6,6,6,6,6,5,5,6,2,1,6,6,6,6,6,6,6,5,6,6,6,6,6,5,5,6,6,6,6,6,6,3,5,6,6,6,6,6,6,6,6,6,6,2,6,3,2,5,6,6,3,6,3,6,2,3,3,6,3,3,2,4,2,2,3,2,2,3,2,2,2,2,3,4.92105263157895
"Shaq",2011,"M",15,"NIRC","verus",3,3,3,2,2,3,2,4,2,3,3,3,2,2,2,3,2,4,3,2,3,4,2,2,4,2,4,1,2,2,2,2,4,2,2,2,2,2,3,2,2,2,2,5,2,3,6,2,2,3,1,2,2,4,1,4,4,2,2,2,2,2,2,2,2,3,2,2,3,2,2,2,3,2,2,2,2,2,2,4,2,4,2,2,1,2,2,3,1,2,2,3,3,2,2,4,2,6,3,3,2,2,2,3,3,3,2,2,2,2,1,3,1,3,2,1,2,1,2,2,1,3,2,2,3,4,1,2,3,6,2,2,1,2,3,2,6,3,5,4,1,1,1,2,1,2,3,4,2,2,2,3,2.45394736842105
"Twirp",2011,"M",10,"NIRC","verus",2,2,3,2,2,3,3,4,3,6,3,3,3,1,4,4,2,4,4,4,5,4,3,2,4,3,3,3,4,2,3,3,5,3,3,3,2,4,3,3,2,3,2,5,3,3,2,3,3,4,3,3,4,3,3,2,5,4,2,4,2,3,2,3,4,3,3,3,3,3,2,3,3,2,2,2,3,3,3,5,3,4,3,2,2,3,3,4,3,3,4,3,4,3,4,4,2,2,4,3,3,3,3,4,3,3,6,2,3,4,2,3,2,4,2,3,2,3,3,3,3,4,4,2,4,2,2,2,4,6,1,4,6,2,3,3,6,3,1,4,4,2,2,3,2,3,5,2,4,4,3,3,3.11842105263158
"Jaybird",2013,"M",18,"NIRC","verus",5,3,4,3,3,4,4,3,5,4,3,5,2,2,1,6,2,4,2,4,5,4,3,2,4,4,4,1,2,3,3,2,5,4,2,2,3,3,4,3,4,3,2,4,3,3,6,3,2,3,4,4,3,5,3,2,5,3,3,3,3,3,2,3,4,3,4,2,3,3,3,4,4,3,3,3,3,4,3,4,3,5,4,2,2,3,2,4,2,4,4,4,3,3,3,4,3,2,4,3,3,3,4,3,3,2,3,3,3,4,1,3,3,4,3,5,4,4,3,2,3,4,3,2,3,4,3,2,2,2,2,4,2,3,4,2,2,2,5,3,4,3,2,2,5,3,6,2,2,3,2,3,3.19078947368421
"Matthew",NA,"M",29,"NIRC","verus",5,5,5,4,5,5,5,5,5,4,3,5,3,4,5,3,3,5,4,4,6,5,4,2,5,4,5,5,4,3,3,2,4,4,5,2,4,4,5,4,5,3,5,4,5,4,3,4,4,5,5,4,5,3,4,3,4,5,5,3,2,4,3,5,4,4,5,4,4,3,3,2,3,4,3,4,4,4,5,5,4,4,4,4,2,5,5,5,1,5,5,5,4,4,4,5,3,4,2,4,4,4,5,5,3,4,5,3,3,4,3,4,4,4,2,2,4,4,4,5,4,4,4,4,3,4,4,5,3,4,4,5,2,4,2,4,3,2,5,3,5,5,4,5,5,5,7,4,4,5,4,4,4.01315789473684
"Mable",NA,"F",9,"NIRC","verus",1,3,3,3,2,2,4,4,2,3,3,3,4,4,2,6,2,4,3,2,3,4,2,2,4,4,4,5,3,2,3,2,4,2,3,4,2,2,3,1,2,2,2,4,2,3,1,3,3,5,1,5,3,4,2,4,5,3,2,5,1,2,2,3,3,2,3,2,2,3,2,3,3,3,2,1,2,4,2,4,3,3,2,2,1,4,2,4,1,3,5,3,5,3,4,4,2,3,3,4,2,3,3,3,3,2,5,3,1,3,2,4,4,3,2,4,4,4,2,2,4,3,3,2,3,5,3,3,2,1,6,4,2,2,5,3,6,4,4,1,5,2,2,2,1,3,2,2,3,2,2,3,2.92105263157895
"Male1",NA,"M",31,"NIRC","verus",4,3,4,3,3,2,3,3,1,4,3,2,1,3,1,6,3,5,1,3,4,3,3,1,5,3,3,1,2,3,6,2,5,3,2,2,3,2,4,4,3,3,3,3,3,3,1,4,3,3,1,3,3,4,3,2,5,2,1,4,1,2,2,2,2,2,2,4,4,3,2,4,3,3,2,2,3,1,2,4,4,5,3,3,2,2,3,4,1,4,3,3,4,3,4,5,3,2,2,4,3,3,3,3,3,4,4,2,3,4,4,3,1,4,1,1,2,3,3,5,3,3,3,2,1,5,4,1,1,3,1,3,6,1,4,2,6,2,2,3,2,1,2,2,1,2,2,2,2,1,1,3,2.80263157894737
"Male2",NA,"M",31,"NIRC","verus",5,5,5,4,5,5,5,5,1,4,3,2,1,4,3,6,2,5,4,4,5,4,4,2,5,4,4,4,3,4,3,2,5,4,4,2,4,4,4,4,5,3,3,4,3,3,2,4,2,3,4,4,4,4,3,2,5,4,3,4,3,3,2,4,4,3,3,4,4,3,3,3,3,3,2,3,4,2,4,5,3,4,4,4,3,4,4,3,4,5,5,5,4,3,5,4,3,3,3,3,3,3,4,4,4,3,3,3,3,4,2,3,2,4,2,4,4,2,4,4,3,4,4,3,2,2,4,1,2,3,1,3,1,3,3,2,6,6,2,4,4,2,2,3,2,3,3,1,3,2,3,3,3.40789473684211
"Male4",NA,"M",30,"NIRC","verus",5,4,5,5,4,5,5,5,4,4,3,2,3,3,4,6,3,5,3,4,5,4,4,3,5,4,5,3,4,3,4,2,5,4,4,3,3,3,4,3,4,3,3,3,3,3,3,4,3,5,4,5,5,4,5,2,5,4,4,4,6,3,2,2,4,4,3,4,4,4,2,4,4,2,3,3,2,2,4,5,3,5,4,3,3,5,4,4,4,4,4,5,5,4,4,5,2,3,3,3,3,3,5,2,3,3,4,4,4,4,5,2,2,5,2,3,4,4,6,5,2,5,3,3,3,5,4,3,2,3,2,4,6,3,5,1,6,3,4,4,1,1,1,1,1,2,2,1,2,1,1,3,3.53947368421053
"Male6",NA,"M",45,"NIRC","verus",4,3,2,3,3,4,4,4,2,3,3,4,2,1,4,6,2,5,2,4,5,4,3,2,5,4,3,4,3,2,3,1,4,4,4,3,3,2,4,2,4,3,2,3,3,4,4,3,2,5,2,4,3,4,4,2,5,2,4,3,2,2,3,2,3,3,2,4,4,3,2,3,3,3,2,2,3,2,4,5,4,5,3,3,2,4,3,4,1,4,3,4,4,3,5,5,3,3,3,3,3,3,3,5,3,2,4,3,3,3,1,3,2,4,2,6,4,3,6,1,3,4,3,2,2,4,4,1,2,2,2,2,6,3,4,3,6,3,2,2,5,1,2,2,1,2,3,1,2,2,2,3,3.10526315789474
"Male7",NA,"M",43,"NIRC","verus",5,4,4,1,4,4,4,4,5,5,3,3,2,5,4,6,2,5,4,4,5,4,3,2,5,4,5,4,4,1,4,4,4,4,4,4,3,5,4,3,4,2,2,3,5,3,4,4,2,5,5,5,5,2,4,2,5,2,5,4,2,3,3,4,5,6,4,4,4,4,3,4,3,3,4,4,4,3,4,5,4,3,5,4,4,5,4,5,5,4,5,4,4,4,5,5,4,2,3,5,4,3,4,4,5,2,4,3,2,5,4,4,5,4,4,1,4,5,4,5,4,5,2,2,3,4,4,4,2,3,5,3,1,4,4,2,6,3,5,4,5,2,2,2,2,3,3,1,3,2,2,4,3.71052631578947
"Male8",NA,"M",51,"NIRC","verus",4,4,4,3,4,4,4,4,3,3,3,2,2,3,4,6,2,5,1,4,3,4,3,3,4,4,2,3,3,1,3,2,3,2,1,5,2,4,4,2,3,3,3,4,2,4,2,4,2,5,3,5,4,4,4,3,4,1,4,4,1,3,3,3,3,1,3,3,3,2,1,3,3,3,1,3,3,3,2,3,2,4,3,4,1,4,3,4,2,1,3,4,3,3,5,3,2,2,3,2,2,2,4,3,3,3,4,2,2,3,2,2,1,2,4,3,3,5,3,3,3,3,3,2,4,4,2,1,2,2,1,5,6,3,3,2,6,3,3,3,1,1,2,1,1,2,3,1,2,2,2,3,2.90131578947368
"Male9",NA,"M",43,"NIRC","verus",4,5,4,4,3,4,5,4,4,4,3,3,2,3,4,6,1,4,4,4,3,4,2,2,4,5,4,5,4,1,2,2,3,3,3,3,3,4,4,2,4,3,2,4,4,3,1,1,2,5,5,5,5,3,4,4,4,1,5,4,6,1,3,4,4,2,4,3,2,2,2,2,3,3,1,2,4,3,2,5,1,4,3,3,3,5,3,3,3,2,4,4,5,3,5,3,1,2,2,2,4,3,4,4,1,2,4,3,1,4,1,3,2,2,2,2,4,4,3,4,3,4,2,3,2,4,2,3,2,2,2,5,6,3,2,3,6,3,4,3,4,3,2,2,2,2,5,1,2,2,2,4,3.14473684210526
"Male10",NA,"M",44,"NIRC","verus",5,5,5,4,4,5,5,5,1,3,5,4,1,3,4,6,2,5,4,5,5,5,4,6,5,5,5,5,4,3,4,2,4,5,5,4,4,4,5,4,4,3,3,2,4,4,3,3,4,4,5,5,5,2,5,4,5,4,5,3,3,4,3,5,5,1,4,4,5,2,4,4,4,3,3,3,4,5,4,4,2,5,4,4,4,5,5,5,4,4,5,5,4,4,5,5,4,3,2,2,2,3,4,5,4,4,4,4,3,4,3,3,3,4,3,4,4,4,4,4,3,5,4,3,2,5,3,2,2,3,2,5,6,2,4,3,6,3,2,3,4,3,2,2,2,3,3,1,3,2,1,4,3.76315789473684
"Rachael",NA,"F",16,"NIRC","verus",1,3,3,3,2,4,3,3,1,2,3,2,2,2,2,2,2,4,2,3,4,4,2,1,4,3,3,2,3,2,3,2,4,3,3,2,3,6,4,3,3,2,2,2,2,3,3,2,2,4,6,4,2,3,2,3,4,3,2,4,3,2,2,3,5,3,3,3,3,2,3,2,2,2,2,2,2,3,3,4,3,4,3,3,1,3,3,4,1,2,3,3,4,4,3,4,2,6,2,3,2,3,4,4,3,2,2,2,2,3,2,3,6,3,2,4,2,1,3,2,2,3,3,2,2,1,1,2,3,2,1,3,1,2,3,1,6,3,4,2,4,3,2,3,3,3,3,3,3,3,2,3,2.76315789473684
"DIV",NA,"F",14,"TAI","verus",1,2,4,2,1,2,3,2,2,3,3,2,4,1,1,3,1,4,3,2,3,2,3,1,4,3,2,3,4,3,3,2,4,4,3,2,2,2,4,1,3,2,3,4,3,3,3,4,2,2,3,3,3,3,3,2,4,1,3,3,2,2,2,3,3,3,2,3,4,2,3,2,3,2,3,1,2,3,3,5,3,4,3,3,1,2,2,4,3,3,4,4,4,2,3,3,2,2,2,4,3,3,4,6,2,6,4,2,3,4,2,2,2,4,3,5,2,3,3,2,3,4,3,3,2,5,2,2,2,2,2,6,2,2,2,2,6,3,4,4,1,3,2,2,2,2,5,3,2,2,2,4,2.79605263157895
"ISH",NA,"F",39,"TAI","verus",2,2,4,1,2,3,3,3,3,2,3,3,3,1,1,3,1,4,3,2,2,3,3,2,4,2,4,3,3,2,2,2,3,2,2,2,2,2,4,1,2,2,2,3,3,2,1,4,1,3,1,3,2,4,2,2,3,1,2,2,2,2,2,2,3,2,2,2,3,2,2,2,2,1,1,2,2,2,3,5,2,4,2,3,1,6,1,3,2,2,3,2,3,2,2,2,2,2,3,3,3,2,2,3,2,3,4,6,1,2,3,2,2,3,3,4,2,2,3,2,2,3,3,2,2,1,2,1,1,2,2,4,1,2,3,1,6,3,4,4,1,1,1,2,1,1,2,1,2,1,1,4,2.36184210526316
"ROM",NA,"M",9,"TAI","verus",2,2,2,2,2,3,3,2,4,2,3,4,1,1,1,2,1,4,3,2,3,2,3,2,5,3,3,2,2,2,2,2,4,3,2,2,2,1,3,2,3,2,2,3,3,2,2,4,1,2,2,2,2,3,2,2,4,1,2,3,1,2,2,2,2,1,2,3,3,2,2,3,2,2,1,2,2,2,3,4,3,4,1,3,1,6,1,4,1,3,3,2,3,2,4,4,1,2,2,2,2,2,3,2,1,3,1,1,2,2,4,2,2,3,2,5,2,1,3,3,2,2,3,2,2,3,2,1,1,2,1,2,1,1,3,2,6,3,4,4,4,3,3,3,3,4,5,3,4,4,1,3,2.44078947368421
"TAB",NA,"M",17,"TAI","verus",1,2,2,2,2,2,2,2,5,2,3,6,2,4,1,2,1,3,3,2,1,2,3,2,5,2,3,3,2,2,2,2,3,2,2,3,2,1,3,2,2,2,2,5,3,2,2,3,1,2,1,2,1,3,2,2,3,1,2,2,1,2,2,2,2,1,3,2,2,2,2,3,2,2,1,2,2,2,2,3,2,2,1,3,1,2,1,3,2,3,2,2,1,2,1,4,1,2,3,2,2,2,2,3,3,3,3,1,2,2,6,2,2,3,2,3,3,2,3,2,2,2,3,2,2,2,1,1,2,1,1,2,2,2,2,2,2,3,2,3,5,2,2,3,4,4,5,2,4,5,4,3,2.31578947368421
"WOO",NA,"M",15,"TAI","verus",1,2,2,2,1,2,2,2,1,2,3,4,2,3,1,2,1,4,2,2,1,2,3,2,5,2,3,1,2,1,2,2,3,2,2,3,1,1,3,1,2,2,2,4,3,2,2,3,1,2,1,1,1,3,2,2,3,1,2,2,1,2,2,2,1,1,3,3,2,2,2,2,2,2,1,2,2,2,2,4,2,2,1,2,1,3,1,3,1,3,2,2,2,2,1,3,1,2,4,3,2,2,2,2,3,1,3,1,2,2,3,1,2,3,3,4,3,2,2,4,2,1,3,2,3,6,2,1,3,1,1,2,6,2,2,1,1,3,5,3,5,2,2,2,2,3,3,2,2,2,2,2,2.17763157894737
"ZYO",NA,"M",45,"TAI","verus",4,5,5,5,3,3,5,4,2,3,3,2,1,3,1,2,1,4,3,3,3,3,3,2,5,4,4,2,3,3,3,2,3,2,2,3,1,4,5,3,4,2,1,4,4,3,2,4,3,3,2,2,3,3,3,2,3,2,3,2,1,2,2,2,3,2,3,3,3,3,2,2,2,3,3,6,3,4,4,5,3,3,2,4,1,4,3,3,1,4,4,2,3,2,3,3,2,3,2,3,4,2,3,4,2,3,3,3,3,3,2,2,3,4,4,5,3,1,3,3,3,4,2,3,4,1,2,4,2,2,2,3,1,1,5,3,3,3,2,3,3,1,1,1,1,2,3,2,2,2,1,3,2.79605263157895
"ZOR",NA,"F",52,"TAI","verus",1,3,4,6,1,3,5,5,3,2,3,1,3,3,1,2,1,4,3,3,3,4,2,4,5,3,5,4,3,3,1,2,2,2,1,3,2,3,5,3,2,2,1,5,4,1,2,3,2,5,4,2,5,3,5,3,3,1,3,4,1,1,1,3,3,3,3,2,2,5,2,2,3,4,4,2,1,5,3,5,1,2,2,3,2,2,3,4,1,1,4,2,4,2,2,4,2,3,3,3,4,1,3,4,2,2,3,4,2,3,1,3,2,2,1,3,3,2,1,4,4,5,2,3,2,1,2,4,3,3,1,4,2,2,5,2,2,3,1,2,4,3,2,4,2,2,7,4,3,3,3,2,2.78947368421053
"WAP",NA,"F",41,"TAI","verus",3,2,4,3,2,4,5,4,4,1,3,2,3,3,1,3,1,5,2,2,3,3,2,3,4,3,3,3,2,4,2,2,3,2,1,3,2,1,5,2,2,2,2,3,4,2,2,2,1,4,1,3,2,3,5,1,3,1,2,3,1,1,2,1,2,2,2,2,2,4,2,2,2,2,1,1,1,3,2,4,2,2,1,3,1,2,2,3,1,2,3,2,3,2,2,3,1,1,2,3,3,2,2,3,2,3,3,3,2,2,2,3,2,2,2,3,3,2,2,3,3,4,3,2,4,4,1,3,3,1,2,3,3,2,2,2,2,3,5,4,1,1,2,2,1,1,3,1,2,2,2,3,2.39473684210526
"UTA",NA,"M",14,"TAI","verus",3,2,4,3,2,2,4,4,5,1,3,1,2,2,1,2,1,4,3,3,4,2,3,3,5,3,2,4,2,4,4,2,5,3,3,3,3,2,4,3,2,2,2,4,5,3,1,3,1,4,3,2,2,4,4,2,5,1,3,4,1,2,2,1,1,1,2,3,2,3,3,2,4,2,2,2,2,4,3,4,3,4,3,3,1,3,2,4,2,4,2,3,3,2,2,4,1,2,4,3,4,2,2,6,2,3,2,2,4,2,3,4,2,3,3,5,3,2,3,3,2,3,3,6,3,5,1,3,2,2,1,3,2,2,6,6,2,3,4,3,3,2,2,2,2,2,3,2,3,2,2,2,2.78289473684211
"SUM",NA,"F",44,"TAI","verus",4,5,5,2,3,2,5,4,1,3,3,2,4,3,1,3,1,4,3,5,4,4,2,4,4,3,3,4,3,4,2,2,4,3,4,2,2,3,4,3,4,3,2,5,2,2,2,4,1,4,4,3,3,4,3,3,3,2,3,3,2,3,2,2,4,3,2,3,2,5,2,2,3,2,3,2,4,3,3,5,2,3,3,3,1,4,3,3,3,2,3,4,3,2,4,3,1,2,3,3,4,2,2,2,3,3,4,3,2,4,4,2,3,2,4,3,3,1,4,2,4,5,2,2,2,4,1,2,2,1,2,3,1,2,6,2,3,2,3,3,2,2,2,2,1,1,3,2,3,2,2,4,2.85526315789474
"SAG",NA,"M",20,"TAI","verus",2,3,4,3,2,2,3,4,2,3,3,1,3,1,1,3,1,4,2,4,1,4,2,2,4,2,4,1,2,2,1,2,3,2,3,3,2,1,4,2,2,2,3,2,2,2,1,3,1,3,1,1,2,4,3,2,3,1,3,4,2,2,2,1,2,1,2,2,2,3,2,2,3,1,2,1,1,3,3,3,2,3,2,2,1,1,1,3,2,2,2,2,2,2,4,2,1,2,3,3,3,1,3,3,3,3,2,2,1,2,4,1,1,3,3,4,2,3,2,4,3,2,3,2,3,3,1,1,1,1,2,2,1,2,3,1,2,2,1,2,3,2,3,2,1,3,5,1,3,3,2,4,2.26973684210526
"OLI",NA,"F",36,"TAI","verus",3,2,5,2,1,2,3,4,3,2,3,2,2,2,1,2,1,4,4,3,2,4,3,2,5,2,3,1,2,2,2,1,3,2,2,3,2,3,3,2,3,2,2,2,3,3,1,4,1,4,1,2,2,4,4,2,3,1,2,3,1,2,2,1,1,1,3,2,2,2,2,2,3,2,2,2,2,3,4,4,2,4,2,2,2,1,1,2,1,2,2,3,2,2,3,3,1,2,2,3,3,2,3,4,3,2,2,2,2,3,3,2,2,3,2,5,2,2,2,2,3,2,2,2,4,2,1,2,2,1,1,3,2,2,2,2,2,2,5,1,1,3,1,1,1,1,2,1,1,1,1,4,2.27631578947368
"LOU",NA,"F",29,"TAI","verus",2,2,4,2,1,3,3,3,4,3,3,4,2,2,1,3,1,6,2,3,1,3,2,2,4,2,3,3,2,2,1,1,3,2,2,2,2,3,3,2,3,2,2,1,2,4,2,3,1,4,2,3,3,4,2,2,3,1,3,2,2,2,2,2,2,1,2,3,3,3,2,3,3,2,2,2,2,3,4,4,2,4,2,3,2,3,1,2,1,3,2,3,4,3,2,3,1,2,1,3,2,2,3,3,4,2,1,2,2,2,6,3,1,3,3,6,1,2,2,2,2,2,3,2,3,3,1,1,1,1,1,3,2,2,2,2,2,2,4,2,3,1,1,1,1,1,3,1,1,1,1,4,2.34210526315789
"KUB",NA,"M",13,"TAI","verus",3,2,4,1,2,2,5,3,5,2,3,3,2,3,1,2,1,4,4,3,3,4,2,2,4,2,3,2,2,2,2,1,3,2,2,4,2,4,4,3,4,2,2,2,2,2,2,3,2,3,2,4,2,4,3,3,3,2,3,4,2,1,2,2,3,3,3,2,2,3,2,3,2,3,4,2,2,3,4,4,2,3,2,3,2,2,2,3,2,2,2,2,3,2,3,3,1,2,2,4,2,2,3,2,3,3,2,2,2,3,1,3,2,3,4,5,3,2,2,4,3,4,4,2,2,3,2,2,2,1,2,3,2,2,4,1,2,4,4,2,2,2,1,2,1,2,3,1,2,2,1,2,2.53947368421053
"KIN",NA,"F",19,"TAI","verus",2,1,4,2,1,3,2,4,1,2,3,2,3,3,1,4,1,4,3,3,1,2,2,3,4,1,1,2,3,1,1,2,2,1,2,2,2,4,4,3,3,2,2,4,3,2,3,2,1,3,1,2,1,6,2,3,2,2,3,3,3,1,1,1,2,3,2,2,2,3,2,3,2,2,2,2,1,2,4,3,1,2,2,2,2,1,1,2,2,3,3,2,2,2,3,3,2,2,1,4,2,2,2,3,4,2,2,2,2,2,5,1,2,2,3,2,2,2,2,4,2,3,3,2,4,2,1,2,2,1,2,3,2,3,3,3,2,2,3,3,4,3,4,4,4,4,5,2,4,5,4,3,2.42763157894737
"COC",NA,"F",29,"TAI","verus",3,2,3,3,2,4,3,3,6,2,3,2,2,1,1,2,1,4,3,4,4,3,3,2,5,3,2,2,1,3,2,3,5,2,2,2,3,3,3,2,3,2,2,3,3,3,3,2,2,3,2,1,3,4,2,3,4,1,2,3,3,2,2,2,3,2,2,3,3,3,2,3,3,3,3,1,2,4,3,4,3,4,1,3,2,3,1,4,1,3,2,3,3,2,3,4,2,3,2,3,3,3,3,4,3,2,2,2,2,2,4,2,1,4,3,4,1,3,3,2,2,3,4,2,5,3,1,1,2,2,2,3,2,2,6,2,2,3,2,2,3,2,1,2,1,1,3,1,2,2,2,4,2.58552631578947
"Alina",NA,"F",6,"TAI","verus",1,1,1,1,1,1,1,1,3,2,3,3,1,1,1,2,1,4,2,2,3,1,3,2,4,2,1,2,2,1,2,2,4,1,2,3,1,1,2,1,2,2,2,1,2,2,2,2,1,3,1,2,1,4,3,3,4,1,2,1,2,2,2,1,2,1,2,2,3,2,2,2,2,2,1,1,2,2,2,2,2,3,2,2,2,1,2,3,1,2,1,3,2,2,1,3,2,2,3,2,2,2,2,6,3,1,2,2,2,1,2,2,1,3,2,4,2,2,3,6,1,1,3,2,5,1,2,1,3,2,1,2,2,2,1,2,2,3,3,3,1,3,1,1,1,1,2,2,1,1,1,2,1.98026315789474
"Athena",NA,"F",2,"TAI","verus",1,1,1,1,1,1,2,1,5,3,3,5,1,1,1,4,1,4,1,1,1,1,2,1,3,2,1,1,1,1,2,2,4,4,3,3,1,1,1,1,1,1,1,1,1,2,2,2,1,1,1,1,1,4,1,2,3,1,1,3,2,2,1,1,2,1,1,4,2,1,1,1,2,1,1,1,1,2,1,1,3,2,1,1,1,1,1,1,1,2,1,2,2,1,1,2,1,2,3,1,2,2,1,4,1,1,1,1,2,1,2,1,1,4,2,5,2,1,2,2,1,1,3,1,3,5,1,1,3,1,1,1,1,1,1,1,1,5,2,4,4,3,4,4,3,4,6,4,5,4,4,2,1.89473684210526
"Atra",NA,"F",20,"TAI","verus",1,1,2,1,1,2,2,2,1,2,3,2,1,1,1,2,1,4,1,2,3,3,2,2,3,2,3,1,1,4,2,1,3,2,1,2,2,1,3,2,2,2,2,3,2,2,1,2,2,1,1,3,2,4,1,2,4,1,1,2,2,2,2,2,2,1,2,3,3,2,2,3,3,2,3,1,2,2,3,3,3,3,1,2,2,3,2,3,1,4,2,2,3,2,2,3,1,2,2,2,2,2,2,3,2,3,2,2,1,1,3,2,2,3,2,4,2,1,2,5,1,2,2,2,4,3,2,3,2,1,2,1,2,2,3,2,6,2,4,3,3,3,2,2,2,3,5,2,3,2,1,3,2.18421052631579
"Celine",NA,"F",6,"TAI","verus",1,1,1,1,1,1,2,1,3,3,3,4,1,1,1,6,1,4,1,2,4,1,2,2,4,2,2,2,1,2,3,1,5,2,2,3,2,1,3,1,2,2,2,2,1,3,2,3,1,1,1,1,1,4,1,2,4,1,1,2,2,2,2,1,2,1,1,3,2,1,2,2,3,2,2,1,2,2,3,3,3,2,1,2,1,2,1,2,1,3,1,3,1,2,2,3,2,2,4,1,3,2,2,2,3,1,2,1,2,2,2,1,1,3,2,3,3,2,3,4,1,1,2,1,3,4,1,2,2,2,1,1,1,1,3,2,3,2,5,3,2,3,3,2,2,2,5,2,3,2,1,2,2.05921052631579
"Coco",NA,"F",21,"TAI","verus",2,2,4,3,3,2,2,2,4,3,3,4,2,2,1,6,2,4,3,2,5,4,2,3,4,3,2,2,3,2,2,2,4,2,2,2,3,3,3,1,3,2,2,4,2,3,2,3,2,3,2,4,3,4,2,3,4,2,3,3,2,2,2,3,3,2,2,2,2,3,2,3,2,2,2,2,2,3,4,3,2,3,2,3,2,2,3,4,2,3,2,3,2,2,2,2,2,2,3,2,2,2,2,3,3,2,3,1,2,2,1,4,2,3,3,5,2,3,3,3,2,2,3,2,4,5,2,2,2,1,3,2,2,2,3,3,2,1,1,2,5,4,2,3,2,3,5,1,4,3,2,4,2.61184210526316
"Gogol",NA,"M",10,"TAI","verus",1,1,1,1,1,2,1,2,1,4,3,4,2,1,1,6,1,4,2,3,4,3,2,2,4,2,3,3,1,2,1,2,2,1,1,3,1,1,3,1,2,1,2,1,2,2,2,2,1,3,1,2,2,4,2,2,3,1,2,3,1,2,2,1,3,2,2,2,2,2,2,2,2,2,1,1,1,2,2,4,1,2,1,1,1,1,1,4,2,3,1,2,2,2,1,3,1,2,2,2,1,2,2,4,2,2,1,1,2,2,3,3,2,2,2,4,3,2,2,5,3,2,2,2,3,2,1,3,3,1,2,3,1,1,3,3,2,3,4,3,2,1,2,2,1,1,3,1,2,2,1,2,2.04605263157895
"Haraka",NA,"M",26,"TAI","verus",2,1,1,1,1,3,2,2,2,3,3,2,3,3,2,6,1,4,4,4,4,3,3,4,5,3,4,4,4,1,2,2,4,2,3,2,2,4,3,2,3,2,2,3,3,3,3,3,2,3,3,3,2,4,1,3,3,1,3,2,2,3,2,2,4,1,2,3,2,3,3,3,3,2,2,2,2,3,3,5,2,2,3,3,2,2,3,4,3,4,3,3,2,3,2,4,2,2,2,3,3,2,6,3,2,3,2,2,3,3,4,3,2,3,2,5,2,3,3,2,3,2,3,2,5,4,2,2,2,2,2,2,2,2,3,2,2,2,2,3,1,2,1,2,1,1,6,4,2,1,1,4,2.64473684210526
"Huxel",NA,"M",4,"TAI","verus",1,1,1,1,1,1,2,1,4,2,3,1,2,1,2,6,2,5,2,2,5,4,2,2,4,2,2,3,1,2,3,2,5,2,2,3,1,1,3,1,2,2,2,1,2,2,4,3,1,2,1,2,1,5,1,2,4,1,1,3,1,2,2,2,2,1,2,2,2,2,2,2,3,2,2,1,2,2,2,2,2,3,2,2,1,2,1,3,1,2,1,3,2,2,3,3,1,2,4,2,2,2,2,4,3,1,2,2,2,2,3,2,1,2,2,4,3,3,6,6,6,1,2,2,5,2,2,1,3,2,2,2,2,2,2,2,5,4,4,2,5,3,2,4,4,4,5,4,4,4,5,2,2.40789473684211
"Ibrahim",NA,"M",1,"TAI","verus",1,1,1,1,1,1,2,1,1,3,3,3,2,2,1,6,2,4,3,2,4,4,2,3,5,2,2,2,3,2,3,2,5,3,2,4,2,3,3,3,2,2,2,3,2,2,4,3,1,4,1,4,2,5,2,2,5,2,2,4,2,3,2,3,4,2,2,3,3,2,2,2,3,2,2,1,3,3,2,4,3,4,2,2,3,1,2,3,3,4,1,3,2,3,2,4,2,2,4,3,2,2,3,3,3,3,3,2,2,3,2,2,2,3,4,5,3,3,2,5,2,1,4,2,3,4,2,1,3,2,1,2,1,2,4,3,4,4,1,2,3,3,2,4,4,3,5,3,3,2,2,1,2.61184210526316
"Jacobo",NA,"M",1,"TAI","verus",1,1,1,1,1,1,2,1,2,3,3,2,2,1,2,6,2,2,1,1,3,2,2,4,4,2,1,3,1,2,2,2,5,4,3,3,1,1,3,2,1,2,1,1,1,2,4,2,1,1,1,1,1,4,1,2,5,1,2,2,2,2,2,3,1,1,1,3,2,1,2,2,3,2,1,1,2,2,2,2,2,3,1,2,1,2,1,1,1,4,1,3,2,1,1,4,1,2,5,2,2,2,1,3,2,1,2,1,1,1,3,1,1,3,1,5,3,3,2,1,1,1,3,1,4,5,1,1,3,1,1,1,1,1,2,2,6,4,3,2,2,1,1,1,1,1,3,1,2,1,1,2,1.96710526315789
"Kaos",NA,"M",24,"TAI","verus",3,2,3,2,2,3,3,3,5,3,3,2,2,1,2,6,2,4,3,2,6,3,2,2,5,3,3,2,1,3,3,2,5,2,3,3,2,1,4,2,3,2,2,4,2,3,1,3,2,3,1,3,2,4,2,2,4,1,2,3,6,2,2,2,2,2,2,3,3,2,2,3,3,2,2,2,2,4,3,4,3,3,2,2,1,2,2,4,2,4,3,3,3,2,3,4,2,2,3,3,2,2,3,3,3,2,3,2,2,3,2,2,2,3,3,4,2,3,2,5,2,3,4,2,3,2,3,2,4,6,2,3,1,2,4,2,6,4,2,2,3,2,1,3,2,3,2,2,3,4,1,2,2.68421052631579
"Kinshas",NA,"M",10,"TAI","verus",1,1,1,1,1,2,1,2,1,3,3,4,3,1,1,6,2,4,2,1,4,3,2,4,5,2,3,4,2,2,3,2,5,2,1,3,1,1,3,2,2,2,2,1,2,2,2,3,2,3,1,2,3,4,2,3,5,2,2,3,1,1,2,3,2,1,1,3,3,2,2,2,3,2,2,2,2,3,2,4,2,2,2,2,1,2,2,3,2,2,2,2,2,2,3,3,2,2,4,2,1,2,2,3,3,2,3,1,2,2,1,3,2,2,2,5,3,4,2,1,1,2,2,2,5,4,2,2,4,1,1,2,2,1,3,3,6,2,3,2,3,4,2,3,4,4,5,2,4,3,1,2,2.38815789473684
"Kuba",NA,"M",4,"TAI","verus",1,1,1,1,1,1,2,1,3,3,3,2,2,1,1,6,2,4,1,2,3,3,2,3,4,2,2,1,1,2,3,2,4,2,2,3,1,2,3,2,2,2,2,2,2,2,2,2,1,3,1,2,2,5,6,2,5,1,2,2,1,2,2,2,3,2,2,3,2,2,2,2,2,2,2,1,2,2,2,4,2,2,2,3,1,2,1,3,2,3,1,2,2,2,1,4,1,2,3,2,2,3,3,4,4,3,2,1,2,1,3,3,1,3,4,3,3,3,6,4,2,1,2,2,4,2,2,1,3,1,1,2,1,2,2,3,6,3,2,3,1,1,2,2,1,1,3,1,2,2,1,1,2.22368421052632
"Linus",NA,"M",8,"TAI","verus",1,1,2,1,1,1,2,1,4,2,3,3,2,1,1,6,2,4,1,2,4,4,2,3,4,2,2,2,2,2,2,2,5,2,2,4,2,1,3,2,2,2,2,1,2,2,3,3,1,2,2,3,3,5,2,2,5,2,2,3,1,2,2,2,2,3,1,3,2,2,2,2,3,3,2,2,2,2,2,4,2,3,2,2,2,2,3,3,2,2,2,2,3,2,2,4,2,2,4,2,3,2,3,2,3,2,2,1,2,1,4,2,1,3,2,3,3,2,2,5,2,1,3,2,4,3,1,1,3,1,2,1,1,2,2,2,6,3,5,3,4,5,4,4,4,4,7,3,5,5,4,2,2.50657894736842
"Lucas",NA,"M",3,"TAI","verus",1,1,1,1,1,1,2,1,5,3,3,1,2,1,2,6,2,5,1,2,5,3,3,4,5,3,2,3,2,2,6,2,5,4,2,3,1,2,3,2,2,2,2,4,2,2,2,3,2,2,2,2,3,4,2,2,5,1,3,2,1,2,2,2,2,2,1,3,2,6,2,3,4,2,2,1,2,2,2,4,3,4,2,2,2,2,1,3,2,3,1,3,2,2,2,4,2,2,4,2,2,2,2,5,3,3,2,1,2,2,5,2,1,3,2,4,3,3,3,1,2,1,1,2,4,4,2,6,3,2,1,2,6,2,3,3,6,3,1,3,1,2,2,2,2,1,3,2,2,2,1,2,2.48684210526316
"Margot",NA,"F",26,"TAI","verus",2,2,2,1,1,3,1,2,3,1,3,3,1,1,2,6,1,1,1,2,1,1,1,2,2,1,1,1,1,1,1,1,2,1,1,1,1,1,1,3,1,1,1,1,1,1,1,3,1,1,1,1,1,1,1,1,1,1,1,1,1,1,1,1,1,1,1,1,1,1,1,1,1,1,1,1,1,3,1,2,1,1,1,1,1,1,1,1,1,1,2,1,1,1,1,1,1,1,1,1,1,1,1,2,1,1,6,1,1,2,3,2,1,1,1,2,1,1,1,2,3,1,4,2,1,1,1,1,1,1,1,3,1,2,1,3,6,3,3,6,6,6,6,5,6,6,1,5,6,6,2,4,1.75
"Max",NA,"M",6,"TAI","verus",1,1,1,1,1,1,1,1,4,1,3,2,2,1,1,6,1,2,1,1,1,1,1,3,3,1,1,1,1,1,1,1,3,1,1,3,1,1,1,2,1,1,1,4,1,2,1,2,1,1,1,1,1,3,1,1,3,1,2,2,1,1,1,1,2,1,1,2,2,1,2,1,2,1,1,1,1,2,1,1,1,1,1,1,1,1,1,1,1,1,1,2,1,1,2,1,1,1,2,1,2,2,2,1,3,1,6,2,1,1,2,1,1,1,2,2,3,2,2,4,1,1,2,2,2,2,1,1,3,1,2,3,6,1,1,4,6,6,4,3,3,2,2,2,2,1,3,2,2,2,2,2,1.71052631578947
"Olduvai",NA,"M",7,"TAI","verus",1,1,1,1,1,1,1,1,5,2,3,1,1,1,1,6,2,2,1,1,3,2,2,3,4,2,2,1,1,2,1,1,3,2,2,3,2,1,2,1,2,1,2,3,2,2,2,2,1,1,1,1,1,4,1,1,4,1,3,2,2,1,2,1,2,2,1,2,2,2,2,2,2,2,2,1,1,2,2,2,2,2,1,2,1,1,1,4,1,2,1,2,2,2,2,2,2,2,2,2,2,2,2,3,1,1,1,1,2,1,1,1,1,2,4,4,3,2,2,2,1,1,2,2,5,2,2,1,3,1,2,3,6,2,2,3,6,2,5,6,6,6,6,5,6,6,1,5,6,6,1,2,2.19078947368421
"Olivia",NA,"F",26,"TAI","verus",2,2,2,1,2,2,3,2,2,3,3,3,1,1,1,6,2,3,1,3,3,1,2,1,2,2,1,2,2,2,1,2,4,2,3,2,1,2,3,2,2,2,2,1,2,2,1,2,1,2,1,2,1,2,1,2,3,3,3,2,1,2,2,2,2,1,1,2,2,2,2,2,2,2,2,1,2,1,3,3,2,3,1,2,2,2,1,2,2,4,3,2,2,2,2,2,1,1,2,2,2,2,2,4,4,6,1,1,2,3,3,2,2,2,1,2,2,1,2,3,1,2,2,2,1,2,1,1,1,1,3,1,6,2,2,1,6,3,1,2,4,3,2,6,3,2,5,2,3,2,2,4,2.13815789473684
"Rebecca",NA,"F",4,"TAI","verus",1,1,1,1,1,2,1,1,3,1,3,4,1,2,3,6,1,2,1,1,1,3,1,2,1,1,3,1,2,1,1,2,2,1,1,2,1,2,1,2,1,1,1,1,1,1,2,1,1,1,2,1,1,3,1,1,1,2,2,1,1,1,1,1,2,1,1,1,1,1,1,1,1,1,1,1,1,2,2,2,1,1,1,1,1,1,1,1,2,1,2,1,2,2,2,1,1,1,3,1,1,1,1,3,1,1,1,1,1,2,4,3,2,1,4,3,2,1,2,5,2,1,3,1,5,1,1,2,2,1,2,1,6,1,2,2,6,3,3,2,4,2,2,6,2,2,5,1,2,2,2,2,1.73684210526316
"Sagu",NA,"M",12,"TAI","verus",1,2,2,2,2,4,2,3,5,3,3,1,3,3,4,6,2,4,6,3,4,4,2,1,4,3,3,3,2,3,3,2,4,3,2,4,2,3,3,3,2,2,2,4,2,2,4,4,2,4,1,3,3,4,3,3,4,2,2,4,1,2,2,3,2,4,2,3,3,3,2,2,3,2,2,2,2,6,4,4,2,4,4,2,1,2,2,4,2,2,3,2,4,3,2,3,1,2,2,3,3,2,2,3,3,2,3,1,2,4,3,3,1,4,3,4,2,3,6,2,1,3,3,2,4,5,3,4,4,2,1,3,6,2,4,3,6,3,5,3,4,3,3,3,3,3,6,3,3,2,1,3,2.89473684210526
"Settut",NA,"M",5,"TAI","verus",2,1,1,2,1,2,3,1,1,2,3,1,3,2,4,6,2,5,4,3,5,4,3,2,5,3,4,3,2,2,3,2,5,3,3,3,2,2,4,3,3,2,2,1,2,3,4,3,1,3,1,3,3,4,2,2,5,1,2,3,2,3,2,3,2,3,2,3,3,2,2,3,4,2,2,2,3,3,3,4,3,5,3,2,2,2,2,4,2,3,2,3,3,3,4,5,2,2,3,3,2,2,2,4,3,3,3,1,3,2,2,3,2,4,5,2,3,4,3,2,1,1,3,2,5,5,2,2,3,2,1,3,6,2,3,2,6,3,1,2,5,3,2,2,3,2,5,1,2,2,4,2,2.73684210526316
"Taboo",NA,"M",9,"TAI","verus",1,1,1,2,1,2,1,1,3,2,3,4,2,1,4,6,2,2,1,2,4,3,2,1,4,2,1,1,1,2,1,2,4,2,2,3,1,1,2,1,2,2,2,2,2,2,4,1,1,2,1,1,2,3,2,2,5,1,2,2,1,2,2,1,2,2,1,2,3,2,2,2,2,1,2,2,2,2,2,3,2,3,2,2,1,2,1,3,1,3,2,2,2,2,2,2,2,2,4,2,2,3,2,2,3,1,1,1,2,6,2,3,1,3,1,6,3,4,2,1,1,1,3,2,2,3,3,1,3,1,2,3,6,2,2,1,6,3,3,3,4,3,2,2,3,2,5,2,3,2,1,2,2.19736842105263
"Tere",NA,"M",1,"TAI","verus",1,1,1,1,1,2,1,1,4,3,3,4,4,4,3,6,2,5,4,1,3,4,2,2,3,1,2,4,3,1,2,5,4,1,2,3,1,4,1,2,1,2,1,1,1,1,4,1,1,3,4,3,2,4,2,2,5,4,4,3,1,2,1,3,4,1,1,4,3,2,2,2,2,1,1,1,1,2,1,2,1,2,4,2,3,2,1,1,2,1,1,2,2,2,3,3,2,2,5,4,2,3,4,3,2,2,5,1,1,4,3,2,2,3,5,6,3,3,2,3,3,3,3,1,5,5,2,2,4,1,5,3,1,1,5,3,6,3,4,2,3,1,2,1,2,1,3,1,2,1,6,1,2.48684210526316
"Tita",NA,"F",25,"TAI","verus",1,2,4,2,3,3,3,3,1,2,3,4,3,4,2,6,2,4,4,4,4,3,2,1,4,3,3,3,3,2,2,4,4,2,4,3,2,5,4,3,3,2,2,4,3,3,3,2,1,5,4,4,4,3,2,3,4,3,4,3,2,2,2,4,5,4,3,3,3,3,3,2,3,3,3,3,2,3,4,5,3,4,3,4,3,3,3,4,4,2,4,2,3,3,4,5,3,3,1,4,2,1,3,2,4,2,6,3,2,4,6,3,6,2,2,3,2,4,3,4,3,3,3,3,2,2,2,3,2,2,1,3,6,2,3,3,6,3,1,2,4,1,2,1,2,2,3,1,2,2,1,4,2.98684210526316
"Utan",NA,"M",5,"TAI","verus",1,1,1,1,1,1,1,1,2,2,3,4,1,1,2,6,1,4,1,1,2,1,2,2,3,1,1,1,1,1,1,1,4,1,1,2,1,1,1,1,2,2,2,3,2,2,6,1,1,1,1,2,1,4,1,1,4,1,2,2,1,2,1,1,1,4,1,1,2,2,2,2,2,1,1,1,2,1,1,2,2,2,1,1,1,2,1,1,1,1,1,2,2,2,1,3,2,1,2,2,2,2,2,1,2,1,1,1,1,1,3,1,4,2,4,4,3,1,2,1,1,1,2,2,3,1,1,1,3,1,2,3,6,1,4,4,6,6,2,3,2,1,1,1,3,1,5,2,2,1,2,3,1.86842105263158
"Volta",NA,"F",2,"TAI","verus",1,1,1,1,1,1,2,1,5,2,3,2,2,4,4,6,1,3,1,2,3,2,2,1,3,2,1,1,1,1,1,1,4,2,2,2,1,2,2,1,2,2,2,1,1,2,1,2,1,1,1,2,2,4,1,1,5,1,2,2,1,2,1,2,2,2,1,2,2,2,2,2,2,1,1,1,1,2,2,2,2,2,2,2,1,2,1,2,2,3,1,2,2,2,3,2,1,1,3,4,2,2,2,2,2,1,1,1,2,1,2,1,1,2,5,3,3,1,2,1,1,1,3,1,3,3,1,1,3,1,2,3,6,1,3,2,6,3,5,2,4,3,4,3,4,4,6,3,3,5,6,2,2.125
"Woodst",NA,"M",5,"TAI","verus",1,1,1,1,1,1,2,1,2,2,5,3,2,1,3,6,2,2,2,2,4,2,2,2,3,2,2,2,2,2,3,2,4,2,2,2,1,2,2,2,2,2,2,3,2,2,3,2,1,2,1,2,1,4,1,2,5,2,2,3,1,2,2,2,2,3,1,2,2,2,2,2,2,2,2,1,1,2,2,2,2,3,1,2,2,2,1,3,1,2,2,3,2,2,2,2,1,2,3,6,1,2,2,2,3,2,1,1,2,3,4,2,1,2,6,2,3,1,2,2,1,1,2,1,6,2,2,2,6,3,2,3,6,2,3,2,6,6,3,2,3,1,2,2,2,2,5,1,2,2,1,2,2.24342105263158
"Yogiti",NA,"M",11,"TAI","verus",1,1,1,1,2,2,2,2,4,2,5,2,4,2,2,6,2,4,2,1,4,4,2,2,4,2,3,5,2,2,3,2,4,2,2,2,2,2,3,3,2,2,2,4,2,2,3,2,1,4,2,2,2,3,2,3,4,1,2,2,2,2,2,2,2,2,2,2,3,2,2,2,3,2,3,2,2,3,2,3,2,4,2,2,1,4,2,1,1,2,2,2,3,2,1,2,2,2,3,2,2,2,2,4,3,2,1,1,2,3,4,2,2,2,2,4,3,2,2,1,2,1,1,1,6,2,2,3,3,3,6,3,6,2,3,1,6,3,2,2,3,2,2,2,2,2,3,2,2,2,2,2,2.41447368421053
"Yucca",NA,"M",31,"TAI","verus",2,1,1,2,1,4,3,3,4,2,3,4,3,2,4,2,2,3,2,3,2,4,2,2,3,2,3,4,2,2,2,2,4,2,2,3,2,4,3,2,1,2,2,1,2,2,2,4,2,2,2,3,3,3,3,2,3,4,3,3,2,3,2,3,3,3,2,2,2,2,2,2,3,2,4,2,2,3,2,3,2,3,2,2,2,2,1,4,2,2,3,4,2,2,1,3,3,2,2,2,2,2,3,4,1,2,6,1,2,3,3,3,2,3,3,4,1,4,2,2,3,3,3,2,2,3,2,2,3,6,2,3,6,2,3,2,6,3,2,2,4,3,3,3,3,3,5,3,3,4,1,4,2.625
"Zyon",NA,"M",37,"TAI","verus",2,2,2,1,2,3,3,3,5,4,3,4,2,2,2,2,2,4,3,3,4,4,2,3,4,2,4,3,2,2,2,2,4,2,3,2,2,2,3,2,1,2,2,3,2,2,2,2,1,3,2,2,3,3,2,2,4,1,2,2,1,2,2,2,2,3,2,2,2,2,2,3,2,2,2,1,3,2,3,2,3,3,1,2,2,2,2,2,3,3,2,2,2,2,2,4,3,2,2,2,2,2,2,3,1,2,6,1,2,2,4,2,2,2,3,3,2,3,2,2,2,2,2,3,2,1,2,3,3,6,2,3,6,3,3,3,6,3,3,2,5,4,4,3,4,3,7,4,4,3,4,3,2.59868421052632
